01000,北海道,5543556
01100,札幌市,1884939
01101,札幌市中央区,206252
01102,札幌市北区,273577
01103,札幌市東区,252688
01104,札幌市白石区,203579
01105,札幌市豊平区,208476
01106,札幌市南区,147397
01107,札幌市西区,209883
01108,札幌市厚別区,129604
01109,札幌市手稲区,138794
01110,札幌市清田区,114689
01202,函館市,284910
01203,小樽市,135500
01204,旭川市,354559
01205,室蘭市,96050
01206,釧路市,187569
01207,帯広市,168532
01208,北見市,125977
01209,夕張市,11633
01210,岩見沢市,91191
01211,網走市,39420
01212,留萌市,25459
01213,苫小牧市,173572
01214,稚内市,39527
01215,美唄市,26938
01216,芦別市,17610
01217,江別市,122344
01218,赤平市,13258
01219,紋別市,25248
01220,士別市,22666
01221,名寄市,30919
01222,三笠市,11015
01223,根室市,30209
01224,千歳市,92732
01225,滝川市,44005
01226,砂川市,19349
01227,歌志内市,4759
01228,深川市,24220
01229,富良野市,24488
01230,登別市,52572
01231,恵庭市,68483
01233,伊達市,37058
01234,北広島市,60802
01235,石狩市,61191
01236,北斗市,49371
01303,石狩郡当別町,18958
01304,石狩郡新篠津村,3681
01331,松前郡松前町,9568
01332,松前郡福島町,5398
01333,上磯郡知内町,5296
01334,上磯郡木古内町,5531
01337,亀田郡七飯町,28930
01343,茅部郡鹿部町,4674
01345,茅部郡森町,18433
01346,二海郡八雲町,19335
01347,山越郡長万部町,6386
01361,檜山郡江差町,9412
01362,檜山郡上ノ国町,6172
01363,檜山郡厚沢部町,4680
01364,爾志郡乙部町,4586
01367,奥尻郡奥尻町,3343
01370,瀬棚郡今金町,6190
01371,久遠郡せたな町,10107
01391,島牧郡島牧村,1927
01392,寿都郡寿都町,3568
01393,寿都郡黒松内町,3219
01394,磯谷郡蘭越町,5530
01395,虻田郡ニセコ町,4673
01396,虻田郡真狩村,2283
01397,虻田郡留寿都村,2025
01398,虻田郡喜茂別町,2543
01399,虻田郡京極町,3444
01400,虻田郡倶知安町,15393
01401,岩内郡共和町,6755
01402,岩内郡岩内町,15437
01403,古宇郡泊村,1983
01404,古宇郡神恵内村,1091
01405,積丹郡積丹町,2729
01406,古平郡古平町,3896
01407,余市郡仁木町,3874
01408,余市郡余市町,21702
01409,余市郡赤井川村,1231
01423,空知郡南幌町,9028
01424,空知郡奈井江町,6500
01425,空知郡上砂川町,4156
01427,夕張郡由仁町,6242
01428,夕張郡長沼町,12168
01429,夕張郡栗山町,13739
01430,樺戸郡月形町,3933
01431,樺戸郡浦臼町,2348
01432,樺戸郡新十津川町,7397
01433,雨竜郡妹背牛町,3706
01434,雨竜郡秩父別町,2842
01436,雨竜郡雨竜町,3019
01437,雨竜郡北竜町,2288
01438,雨竜郡沼田町,3786
01439,雨竜郡幌加内町,1790
01452,上川郡鷹栖町,7600
01453,上川郡東神楽町,9433
01454,上川郡当麻町,7396
01455,上川郡比布町,4271
01456,上川郡愛別町,3528
01457,上川郡上川町,4403
01458,上川郡東川町,7783
01459,上川郡美瑛町,11105
01460,空知郡上富良野町,12071
01461,空知郡中富良野町,5648
01462,空知郡南富良野町,2876
01463,勇払郡占冠村,1259
01464,上川郡和寒町,4069
01465,上川郡剣淵町,3741
01468,上川郡下川町,3788
01469,中川郡美深町,5158
01470,中川郡音威子府村,879
01471,中川郡中川町,1898
01481,増毛郡増毛町,5411
01482,留萌郡小平町,3843
01483,苫前郡苫前町,3776
01484,苫前郡羽幌町,8368
01485,苫前郡初山別村,1459
01486,天塩郡遠別町,3139
01487,天塩郡天塩町,3669
01488,天塩郡幌延町,2652
01511,宗谷郡猿払村,2855
01512,枝幸郡浜頓別町,4231
01513,枝幸郡中頓別町,2081
01514,枝幸郡枝幸町,9396
01516,天塩郡豊富町,4578
01517,礼文郡礼文町,3111
01518,利尻郡利尻町,2574
01519,利尻郡利尻富士町,2975
01543,網走郡美幌町,22193
01544,網走郡津別町,5945
01545,斜里郡斜里町,12846
01546,斜里郡清里町,4708
01547,斜里郡小清水町,5557
01549,常呂郡訓子府町,5744
01550,常呂郡置戸町,3463
01552,常呂郡佐呂間町,6040
01555,紋別郡遠軽町,22840
01558,紋別郡上湧別町,5552
01559,紋別郡湧別町,4853
01560,紋別郡滝上町,3235
01561,紋別郡興部町,4393
01562,紋別郡西興部村,1163
01563,紋別郡雄武町,5021
01564,網走郡大空町,8359
01571,虻田郡豊浦町,4622
01575,有珠郡壮瞥町,2995
01578,白老郡白老町,20148
01581,勇払郡厚真町,4890
01584,虻田郡洞爺湖町,10518
01585,勇払郡安平町,9116
01586,勇払郡むかわ町,9919
01601,沙流郡日高町,14059
01602,沙流郡平取町,5757
01604,新冠郡新冠町,5901
01607,浦河郡浦河町,14507
01608,様似郡様似町,5380
01609,幌泉郡えりも町,5624
01610,日高郡新ひだか町,26139
01631,河東郡音更町,45005
01632,河東郡士幌町,6624
01633,河東郡上士幌町,5233
01634,河東郡鹿追町,5694
01635,上川郡新得町,6822
01636,上川郡清水町,10366
01637,河西郡芽室町,19392
01638,河西郡中札内村,4004
01639,河西郡更別村,3459
01641,広尾郡大樹町,6185
01642,広尾郡広尾町,8161
01643,中川郡幕別町,27364
01644,中川郡池田町,7995
01645,中川郡豊頃町,3709
01646,中川郡本別町,8564
01647,足寄郡足寄町,7969
01648,足寄郡陸別町,2790
01649,十勝郡浦幌町,5858
01661,釧路郡釧路町,21323
01662,厚岸郡厚岸町,11014
01663,厚岸郡浜中町,6735
01664,川上郡標茶町,8502
01665,川上郡弟子屈町,8535
01667,阿寒郡鶴居村,2573
01668,白糠郡白糠町,9934
01691,野付郡別海町,16207
01692,標津郡中標津町,24040
01693,標津郡標津町,5858
01694,目梨郡羅臼町,6130
02000,青森県,1417278
02201,青森市,306263
02202,弘前市,184719
02203,八戸市,243682
02204,黒石市,37864
02205,五所川原市,61714
02206,十和田市,66254
02207,三沢市,42688
02208,むつ市,64535
02209,つがる市,38121
02210,平川市,34595
02300,東津軽郡,28336
02301,東津軽郡平内町,13387
02303,東津軽郡今別町,3598
02304,東津軽郡蓬田村,3356
02307,東津軽郡外ヶ浜町,7995
02320,西津軽郡,22934
02321,西津軽郡鰺ヶ沢町,12461
02323,西津軽郡深浦町,10473
02340,中津軽郡,1584
02343,中津軽郡西目屋村,1584
02360,南津軽郡,36825
02361,南津軽郡藤崎町,16376
02362,南津軽郡大鰐町,11893
02367,南津軽郡田舎館村,8556
02380,北津軽郡,44263
02381,北津軽郡板柳町,15741
02384,北津軽郡鶴田町,14725
02387,北津軽郡中泊町,13797
02400,上北郡,105476
02401,上北郡野辺地町,15055
02402,上北郡七戸町,18134
02405,上北郡六戸町,10663
02406,上北郡横浜町,5230
02408,上北郡東北町,20051
02411,上北郡六ヶ所村,11259
02412,上北郡おいらせ町,25084
02420,下北郡,18842
02423,下北郡大間町,6219
02424,下北郡東通村,7536
02425,下北郡風間浦村,2520
02426,下北郡佐井村,2567
02440,三戸郡,78583
02441,三戸郡三戸町,12302
02442,三戸郡五戸町,20062
02443,三戸郡田子町,6888
02445,三戸郡南部町,21424
02446,三戸郡階上町,14796
02450,三戸郡新郷村,3111
03000,岩手県,1355205
03201,盛岡市,292035
03202,宮古市,57912
03203,大船渡市,41398
03205,花巻市,103822
03206,北上市,93619
03207,久慈市,38569
03208,遠野市,30854
03209,一関市,122006
03210,陸前高田市,24457
03211,釜石市,41038
03213,二戸市,30988
03214,八幡平市,30042
03215,奥州市,128106
03300,岩手郡,95568
03301,岩手郡雫石町,18752
03302,岩手郡葛巻町,7770
03303,岩手郡岩手町,15998
03305,岩手郡滝沢村,53048
03320,紫波郡,61360
03321,紫波郡紫波町,34334
03322,紫波郡矢巾町,27026
03360,和賀郡,7111
03366,和賀郡西和賀町,7111
03380,胆沢郡,16374
03381,胆沢郡金ケ崎町,16374
03400,西磐井郡,8664
03402,西磐井郡平泉町,8664
03420,東磐井郡,9464
03422,東磐井郡藤沢町,9464
03440,気仙郡,6478
03441,気仙郡住田町,6478
03460,上閉伊郡,16376
03461,上閉伊郡大槌町,16376
03480,下閉伊郡,41650
03482,下閉伊郡山田町,19684
03483,下閉伊郡岩泉町,11489
03484,下閉伊郡田野畑村,4072
03485,下閉伊郡普代村,3150
03487,下閉伊郡川井村,3255
03500,九戸郡,42383
03501,九戸郡軽米町,10868
03503,九戸郡野田村,4936
03506,九戸郡九戸村,6789
03507,九戸郡洋野町,19790
03520,二戸郡,14931
03524,二戸郡一戸町,14931
04000,宮城県,2330898
04100,仙台市,1006522
04101,仙台市青葉区,270171
04102,仙台市宮城野区,182998
04103,仙台市若林区,126771
04104,仙台市太白区,217187
04105,仙台市泉区,209395
04202,石巻市,165099
04203,塩竈市,58097
04205,気仙沼市,64394
04206,白石市,38439
04207,名取市,70868
04208,角田市,32378
04209,多賀城市,62861
04211,岩沼市,44271
04212,登米市,87087
04213,栗原市,78337
04214,東松島市,43506
04215,大崎市,136178
04300,刈田郡,15157
04301,刈田郡蔵王町,13350
04302,刈田郡七ヶ宿町,1807
04320,柴田郡,84715
04321,柴田郡大河原町,23362
04322,柴田郡村田町,12371
04323,柴田郡柴田町,38698
04324,柴田郡川崎町,10284
04340,伊具郡,16257
04341,伊具郡丸森町,16257
04360,亘理郡,52798
04361,亘理郡亘理町,35703
04362,亘理郡山元町,17095
04400,宮城郡,70513
04401,宮城郡松島町,15694
04404,宮城郡七ヶ浜町,21094
04406,宮城郡利府町,33725
04420,黒川郡,85515
04421,黒川郡大和町,24684
04422,黒川郡大郷町,9143
04423,黒川郡富谷町,46162
04424,黒川郡大衡村,5526
04440,加美郡,34208
04444,加美郡色麻町,7601
04445,加美郡加美町,26607
04500,遠田郡,43921
04501,遠田郡涌谷町,18036
04505,遠田郡美里町,25885
04580,牡鹿郡,10411
04581,牡鹿郡女川町,10411
04600,本吉郡,29366
04603,本吉郡本吉町,11331
04606,本吉郡南三陸町,18035
05000,秋田県,1118735
05201,秋田市,324512
05202,能代市,61416
05203,横手市,102322
05204,大館市,81231
05206,男鹿市,33738
05207,湯沢市,53695
05209,鹿角市,35955
05210,由利本荘市,87394
05211,潟上市,35379
05212,大仙市,92224
05213,北秋田市,38158
05214,にかほ市,28695
05215,仙北市,31044
05300,鹿角郡,6251
05303,鹿角郡小坂町,6251
05320,北秋田郡,2945
05327,北秋田郡上小阿仁村,2945
05340,山本郡,32933
05346,山本郡藤里町,4072
05348,山本郡三種町,20115
05349,山本郡八峰町,8746
05360,南秋田郡,27270
05361,南秋田郡五城目町,11337
05363,南秋田郡八郎潟町,6919
05366,南秋田郡井川町,5706
05368,南秋田郡大潟村,3308
05420,仙北郡,22720
05434,仙北郡美郷町,22720
05460,雄勝郡,20853
05463,雄勝郡羽後町,17898
05464,雄勝郡東成瀬村,2955
06000,山形県,1185100
06201,山形市,250138
06202,米沢市,87931
06203,鶴岡市,139619
06204,酒田市,113952
06205,新庄市,39473
06206,寒河江市,43156
06207,上山市,34709
06208,村山市,27864
06209,長井市,29884
06210,天童市,62654
06211,東根市,46410
06212,尾花沢市,19910
06213,南陽市,34399
06300,東村山郡,27949
06301,東村山郡山辺町,15482
06302,東村山郡中山町,12467
06320,西村山郡,45109
06321,西村山郡河北町,20473
06322,西村山郡西川町,6733
06323,西村山郡朝日町,8321
06324,西村山郡大江町,9582
06340,北村山郡,8596
06341,北村山郡大石田町,8596
06360,最上郡,47901
06361,最上郡金山町,6616
06362,最上郡最上町,10404
06363,最上郡舟形町,6427
06364,最上郡真室川町,9552
06365,最上郡大蔵村,3967
06366,最上郡鮭川村,5250
06367,最上郡戸沢村,5685
06380,東置賜郡,43747
06381,東置賜郡高畠町,25767
06382,東置賜郡川西町,17980
06400,西置賜郡,33655
06401,西置賜郡小国町,9252
06402,西置賜郡白鷹町,16010
06403,西置賜郡飯豊町,8393
06420,東田川郡,31596
06426,東田川郡三川町,7714
06428,東田川郡庄内町,23882
06460,飽海郡,16448
06461,飽海郡遊佐町,16448
07000,福島県,2063769
07201,福島市,292684
07202,会津若松市,127594
07203,郡山市,334493
07204,いわき市,351756
07205,白河市,65249
07207,須賀川市,80375
07208,喜多方市,54072
07209,相馬市,38634
07210,二本松市,62013
07211,田村市,42594
07212,南相馬市,71999
07213,伊達市,68350
07214,本宮市,31858
07300,伊達郡,40187
07301,伊達郡桑折町,13382
07303,伊達郡国見町,10488
07308,伊達郡川俣町,16317
07320,安達郡,8579
07322,安達郡大玉村,8579
07340,岩瀬郡,19612
07342,岩瀬郡鏡石町,13006
07344,岩瀬郡天栄村,6606
07360,南会津郡,31647
07362,南会津郡下郷町,6899
07364,南会津郡檜枝岐村,618
07367,南会津郡只見町,5162
07368,南会津郡南会津町,18968
07400,耶麻郡,31725
07402,耶麻郡北塩原村,3335
07405,耶麻郡西会津町,8049
07407,耶麻郡磐梯町,3843
07408,耶麻郡猪苗代町,16498
07420,河沼郡,25960
07421,河沼郡会津坂下町,18120
07422,河沼郡湯川村,3585
07423,河沼郡柳津町,4255
07440,大沼郡,30587
07444,大沼郡三島町,2111
07445,大沼郡金山町,2654
07446,大沼郡昭和村,1610
07447,大沼郡会津美里町,24212
07460,西白河郡,50108
07461,西白河郡西郷村,19684
07464,西白河郡泉崎村,6923
07465,西白河郡中島村,5357
07466,西白河郡矢吹町,18144
07480,東白川郡,36673
07481,東白川郡棚倉町,15542
07482,東白川郡矢祭町,6695
07483,東白川郡塙町,10214
07484,東白川郡鮫川村,4222
07500,石川郡,46413
07501,石川郡石川町,18018
07502,石川郡玉川村,7480
07503,石川郡平田村,7258
07504,石川郡浅川町,7230
07505,石川郡古殿町,6427
07520,田村郡,31057
07521,田村郡三春町,19162
07522,田村郡小野町,11895
07540,双葉郡,74420
07541,双葉郡広野町,5499
07542,双葉郡楢葉町,8139
07543,双葉郡富岡町,15894
07544,双葉郡川内村,3128
07545,双葉郡大熊町,11154
07546,双葉郡双葉町,7260
07547,双葉郡浪江町,21748
07548,双葉郡葛尾村,1598
07560,相馬郡,15130
07561,相馬郡新地町,8505
07564,相馬郡飯舘村,6625
08000,茨城県,2979639
08201,水戸市,265658
08202,日立市,197278
08203,土浦市,143095
08204,古河市,145493
08205,石岡市,81266
08207,結城市,52378
08208,龍ケ崎市,79231
08210,下妻市,44985
08211,常総市,63899
08212,常陸太田市,59892
08214,高萩市,32347
08215,北茨城市,49140
08216,笠間市,80943
08217,取手市,110808
08219,牛久市,79412
08220,つくば市,200555
08221,ひたちなか市,157618
08222,鹿嶋市,65971
08223,潮来市,30872
08224,守谷市,59858
08225,常陸大宮市,47343
08226,那珂市,56261
08227,筑西市,111756
08228,坂東市,56996
08229,稲敷市,47496
08230,かすみがうら市,44421
08231,桜川市,48130
08232,神栖市,91424
08233,行方市,39111
08234,鉾田市,51751
08235,つくばみらい市,43915
08236,小美玉市,52914
08300,東茨城郡,76115
08302,東茨城郡茨城町,34989
08309,東茨城郡大洗町,18457
08310,東茨城郡城里町,22669
08340,那珂郡,37032
08341,那珂郡東海村,37032
08360,久慈郡,21226
08364,久慈郡大子町,21226
08440,稲敷郡,75408
08442,稲敷郡美浦村,17888
08443,稲敷郡阿見町,46781
08447,稲敷郡河内町,10739
08520,結城郡,23594
08521,結城郡八千代町,23594
08540,猿島郡,36059
08542,猿島郡五霞町,9669
08546,猿島郡境町,26390
08560,北相馬郡,17988
08564,北相馬郡利根町,17988
09000,栃木県,2003954
09201,宇都宮市,505330
09202,足利市,156064
09203,栃木市,81048
09204,佐野市,123294
09205,鹿沼市,103436
09206,日光市,92878
09208,小山市,158461
09209,真岡市,79468
09210,大田原市,74343
09211,矢板市,35452
09213,那須塩原市,115970
09214,さくら市,43219
09215,那須烏山市,30693
09216,下野市,59546
09300,河内郡,31632
09301,河内郡上三川町,31632
09320,上都賀郡,6847
09321,上都賀郡西方町,6847
09340,芳賀郡,70386
09342,芳賀郡益子町,25119
09343,芳賀郡茂木町,15865
09344,芳賀郡市貝町,12577
09345,芳賀郡芳賀町,16825
09360,下都賀郡,144545
09361,下都賀郡壬生町,39588
09364,下都賀郡野木町,25989
09365,下都賀郡大平町,29119
09366,下都賀郡藤岡町,17768
09367,下都賀郡岩舟町,18618
09368,下都賀郡都賀町,13463
09380,塩谷郡,44092
09384,塩谷郡塩谷町,13363
09386,塩谷郡高根沢町,30729
09400,那須郡,47250
09407,那須郡那須町,27689
09411,那須郡那珂川町,19561
10000,群馬県,2008842
10201,前橋市,318068
10202,高崎市,343761
10203,桐生市,125062
10204,伊勢崎市,199476
10205,太田市,211282
10206,沼田市,53281
10207,館林市,78381
10208,渋川市,85945
10209,藤岡市,69811
10210,富岡市,53025
10211,安中市,63538
10212,みどり市,52521
10300,勢多郡,22797
10303,勢多郡富士見村,22797
10340,北群馬郡,33691
10344,北群馬郡榛東村,14601
10345,北群馬郡吉岡町,19090
10360,多野郡,29201
10363,多野郡吉井町,25179
10366,多野郡上野村,1403
10367,多野郡神流町,2619
10380,甘楽郡,26749
10382,甘楽郡下仁田町,9706
10383,甘楽郡南牧村,2742
10384,甘楽郡甘楽町,14301
10420,吾妻郡,63795
10421,吾妻郡中之条町,17038
10424,吾妻郡長野原町,6376
10425,吾妻郡嬬恋村,10552
10426,吾妻郡草津町,7144
10427,吾妻郡六合村,1774
10428,吾妻郡高山村,4160
10429,吾妻郡東吾妻町,16751
10440,利根郡,39578
10443,利根郡片品村,5419
10444,利根郡川場村,3653
10448,利根郡昭和村,7757
10449,利根郡みなかみ町,22749
10460,佐波郡,37098
10464,佐波郡玉村町,37098
10520,邑楽郡,101782
10521,邑楽郡板倉町,16044
10522,邑楽郡明和町,11457
10523,邑楽郡千代田町,11648
10524,邑楽郡大泉町,35056
10525,邑楽郡邑楽町,27577
11000,埼玉県,7096269
11100,さいたま市,1198996
11101,さいたま市西区,82827
11102,さいたま市北区,136343
11103,さいたま市大宮区,106238
11104,さいたま市見沼区,153635
11105,さいたま市中央区,93195
11106,さいたま市桜区,91956
11107,さいたま市浦和区,144157
11108,さいたま市南区,170455
11109,さいたま市緑区,109315
11110,さいたま市岩槻区,110875
11201,川越市,333003
11202,熊谷市,203149
11203,川口市,492609
11206,行田市,86823
11207,秩父市,69386
11208,所沢市,337051
11209,飯能市,82487
11210,加須市,68472
11211,本庄市,79549
11212,東松山市,87933
11214,春日部市,237705
11215,狭山市,156033
11216,羽生市,56249
11217,鴻巣市,118851
11218,深谷市,144920
11219,上尾市,223573
11221,草加市,236899
11222,越谷市,319267
11223,蕨市,68360
11224,戸田市,116743
11225,入間市,149074
11226,鳩ケ谷市,60386
11227,朝霞市,125676
11228,志木市,69218
11229,和光市,74950
11230,新座市,155261
11231,桶川市,75063
11232,久喜市,70830
11233,北本市,70138
11234,八潮市,79318
11235,富士見市,104386
11237,三郷市,128474
11238,蓮田市,63711
11239,坂戸市,98962
11240,幸手市,53918
11241,鶴ヶ島市,69192
11242,日高市,56519
11243,吉川市,64383
11245,ふじみ野市,104278
11300,北足立郡,41334
11301,北足立郡伊奈町,41334
11320,入間郡,86975
11324,入間郡三芳町,37364
11326,入間郡毛呂山町,36614
11327,入間郡越生町,12997
11340,比企郡,142387
11341,比企郡滑川町,16341
11342,比企郡嵐山町,18951
11343,比企郡小川町,34264
11346,比企郡川島町,22368
11347,比企郡吉見町,21859
11348,比企郡鳩山町,15630
11349,比企郡ときがわ町,12974
11360,秩父郡,46479
11361,秩父郡横瀬町,9367
11362,秩父郡皆野町,11272
11363,秩父郡長瀞町,8178
11365,秩父郡小鹿野町,14070
11369,秩父郡東秩父村,3592
11380,児玉郡,57180
11381,児玉郡美里町,11824
11383,児玉郡神川町,14548
11385,児玉郡上里町,30808
11400,大里郡,36758
11408,大里郡寄居町,36758
11420,北埼玉郡,47813
11421,北埼玉郡騎西町,20297
11424,北埼玉郡北川辺町,12876
11425,北埼玉郡大利根町,14640
11440,南埼玉郡,103772
11442,南埼玉郡宮代町,33153
11445,南埼玉郡白岡町,49759
11446,南埼玉郡菖蒲町,20860
11460,北葛飾郡,141776
11461,北葛飾郡栗橋町,27165
11462,北葛飾郡鷲宮町,36176
11464,北葛飾郡杉戸町,47206
11465,北葛飾郡松伏町,31229
12000,千葉県,6124453
12100,千葉市,925951
12101,千葉市中央区,187187
12102,千葉市花見川区,176800
12103,千葉市稲毛区,150705
12104,千葉市若葉区,148038
12105,千葉市緑区,118791
12106,千葉市美浜区,144430
12202,銚子市,71471
12203,市川市,460303
12204,船橋市,590943
12205,館山市,50275
12206,木更津市,126663
12207,松戸市,476813
12208,野田市,155031
12210,茂原市,94001
12211,成田市,125428
12212,佐倉市,175601
12213,東金市,59987
12215,旭市,69226
12216,習志野市,158524
12217,柏市,390227
12218,勝浦市,21105
12219,市原市,279753
12220,流山市,158426
12221,八千代市,187248
12222,我孫子市,134982
12223,鴨川市,36379
12224,鎌ケ谷市,106268
12225,君津市,89968
12226,富津市,49636
12227,浦安市,159186
12228,四街道市,87004
12229,袖ケ浦市,60514
12230,八街市,75410
12231,印西市,63859
12232,白井市,59389
12233,富里市,49930
12234,南房総市,43963
12235,匝瑳市,40736
12236,香取市,85840
12237,山武市,58275
12238,いすみ市,42488
12320,印旛郡,67209
12322,印旛郡酒々井町,21447
12325,印旛郡印旛村,13103
12328,印旛郡本埜村,9147
12329,印旛郡栄町,23512
12340,香取郡,38927
12342,香取郡神崎町,6656
12347,香取郡多古町,16496
12349,香取郡東庄町,15775
12400,山武郡,103354
12402,山武郡大網白里町,50425
12403,山武郡九十九里町,18783
12409,山武郡芝山町,8110
12410,山武郡横芝光町,26036
12420,長生郡,65771
12421,長生郡一宮町,12381
12422,長生郡睦沢町,7704
12423,長生郡長生村,14974
12424,長生郡白子町,12858
12426,長生郡長柄町,8167
12427,長生郡長南町,9687
12440,夷隅郡,18937
12441,夷隅郡大多喜町,10901
12443,夷隅郡御宿町,8036
12460,安房郡,9452
12463,安房郡鋸南町,9452
13000,東京都,12548258
13101,千代田区,46272
13102,中央区,111460
13103,港区,199841
13104,新宿区,281783
13105,文京区,188317
13106,台東区,165945
13107,墨田区,236387
13108,江東区,441262
13109,品川区,347059
13110,目黒区,253176
13111,大田区,673925
13112,世田谷区,831224
13113,渋谷区,195794
13114,中野区,300497
13115,杉並区,527942
13116,豊島区,244274
13117,北区,319470
13118,荒川区,185112
13119,板橋区,516905
13120,練馬区,690783
13121,足立区,638194
13122,葛飾区,430697
13123,江戸川区,650600
13201,八王子市,547702
13202,立川市,173895
13203,武蔵野市,134686
13204,三鷹市,176210
13205,青梅市,138127
13206,府中市,242614
13207,昭島市,110573
13208,調布市,215736
13209,町田市,415289
13210,小金井市,111321
13211,小平市,179027
13212,日野市,173481
13213,東村山市,148512
13214,国分寺市,116233
13215,国立市,72760
13218,福生市,58376
13219,狛江市,76223
13220,東大和市,82218
13221,清瀬市,72506
13222,東久留米市,114606
13223,武蔵村山市,69559
13224,多摩市,145560
13225,稲城市,81565
13227,羽村市,55812
13228,あきる野市,80973
13229,西東京市,190806
13300,西多摩郡,59006
13303,西多摩郡瑞穂町,33720
13305,西多摩郡日の出町,16025
13307,西多摩郡檜原村,2814
13308,西多摩郡奥多摩町,6447
13360,島しょ,27963
13361,大島町,8688
13362,利島村,284
13363,新島村,3034
13364,神津島村,2010
13381,三宅島　三宅村,2791
13382,御蔵島村,294
13401,八丈島　八丈町,8318
13402,青ヶ島村,157
13421,小笠原村,2387
14000,神奈川県,8848329
14100,横浜市,3605951
14101,横浜市鶴見区,264655
14102,横浜市神奈川区,222482
14103,横浜市西区,90355
14104,横浜市中区,132317
14105,横浜市南区,193229
14106,横浜市保土ケ谷区,202153
14107,横浜市磯子区,163046
14108,横浜市金沢区,207952
14109,横浜市港北区,317483
14110,横浜市戸塚区,270319
14111,横浜市港南区,220501
14112,横浜市旭区,250369
14113,横浜市緑区,173765
14114,横浜市瀬谷区,126887
14115,横浜市栄区,125444
14116,横浜市泉区,154158
14117,横浜市青葉区,296840
14118,横浜市都筑区,193996
14130,川崎市,1359063
14131,川崎市川崎区,207165
14132,川崎市幸区,148945
14133,川崎市中原区,220752
14134,川崎市高津区,207446
14135,川崎市多摩区,200051
14136,川崎市宮前区,212129
14137,川崎市麻生区,162575
14201,横須賀市,426099
14203,平塚市,257427
14204,鎌倉市,176669
14205,藤沢市,402294
14206,小田原市,196916
14207,茅ヶ崎市,234364
14208,逗子市,60052
14209,相模原市,694752
14210,三浦市,49793
14211,秦野市,161611
14212,厚木市,219510
14213,大和市,221361
14214,伊勢原市,97665
14215,海老名市,125837
14216,座間市,126910
14217,南足柄市,44330
14218,綾瀬市,81100
14300,三浦郡,33325
14301,三浦郡葉山町,33325
14320,高座郡,47569
14321,高座郡寒川町,47569
14340,中郡,63769
14341,中郡大磯町,33639
14342,中郡二宮町,30130
14360,足柄上郡,68391
14361,足柄上郡中井町,9978
14362,足柄上郡大井町,18090
14363,足柄上郡松田町,12088
14364,足柄上郡山北町,12301
14366,足柄上郡開成町,15934
14380,足柄下郡,49281
14382,足柄下郡箱根町,13210
14383,足柄下郡真鶴町,8550
14384,足柄下郡湯河原町,27521
14400,愛甲郡,44290
14401,愛甲郡愛川町,40957
14402,愛甲郡清川村,3333
15000,新潟県,2401803
15100,新潟市,803273
15101,新潟市北区,78076
15102,新潟市東区,138930
15103,新潟市中央区,172483
15104,新潟市江南区,69250
15105,新潟市秋葉区,78608
15106,新潟市南区,47800
15107,新潟市西区,155445
15108,新潟市西蒲区,62681
15202,長岡市,279676
15204,三条市,105427
15205,柏崎市,92279
15206,新発田市,103553
15208,小千谷市,39669
15209,加茂市,31244
15210,十日町市,61052
15211,見附市,42952
15212,村上市,69087
15213,燕市,83945
15216,糸魚川市,49011
15217,妙高市,36983
15218,五泉市,56654
15222,上越市,206124
15223,阿賀野市,46959
15224,佐渡市,65163
15225,魚沼市,42140
15226,南魚沼市,61670
15227,胎内市,32320
15300,北蒲原郡,14067
15307,北蒲原郡聖籠町,14067
15340,西蒲原郡,8781
15342,西蒲原郡弥彦村,8781
15360,南蒲原郡,13148
15361,南蒲原郡田上町,13148
15380,東蒲原郡,14279
15385,東蒲原郡阿賀町,14279
15400,三島郡,5287
15405,三島郡出雲崎町,5287
15440,北魚沼郡,5170
15441,北魚沼郡川口町,5170
15460,南魚沼郡,8436
15461,南魚沼郡湯沢町,8436
15480,中魚沼郡,11288
15482,中魚沼郡津南町,11288
15500,刈羽郡,4950
15504,刈羽郡刈羽村,4950
15580,岩船郡,7216
15581,岩船郡関川村,6856
15586,岩船郡粟島浦村,360
16000,富山県,1101637
16201,富山市,417308
16202,高岡市,178977
16204,魚津市,45499
16205,氷見市,54115
16206,滑川市,33913
16207,黒部市,42824
16208,砺波市,49379
16209,小矢部市,32826
16210,南砺市,56743
16211,射水市,94609
16320,中新川郡,53568
16321,中新川郡舟橋村,2989
16322,中新川郡上市町,22596
16323,中新川郡立山町,27983
16340,下新川郡,41876
16342,下新川郡入善町,27438
16343,下新川郡朝日町,14438
17000,石川県,1165013
17201,金沢市,442788
17202,七尾市,60092
17203,小松市,109213
17204,輪島市,32581
17205,珠洲市,17921
17206,加賀市,74368
17207,羽咋市,24296
17209,かほく市,35293
17210,白山市,113380
17211,能美市,48452
17320,能美郡,6058
17324,能美郡川北町,6058
17340,石川郡,45239
17344,石川郡野々市町,45239
17360,河北郡,64290
17361,河北郡津幡町,37554
17365,河北郡内灘町,26736
17380,羽咋郡,39237
17384,羽咋郡志賀町,23961
17386,羽咋郡宝達志水町,15276
17400,鹿島郡,19712
17407,鹿島郡中能登町,19712
17460,鳳珠郡,32093
17461,鳳珠郡穴水町,10333
17463,鳳珠郡能登町,21760
18000,福井県,812444
18201,福井市,265896
18202,敦賀市,67920
18204,小浜市,31728
18205,大野市,37480
18206,勝山市,26440
18207,鯖江市,67775
18208,あわら市,30775
18209,越前市,83274
18210,坂井市,93687
18320,吉田郡,19821
18322,吉田郡永平寺町,19821
18380,今立郡,3370
18382,今立郡池田町,3370
18400,南条郡,12173
18404,南条郡南越前町,12173
18420,丹生郡,24329
18423,丹生郡越前町,24329
18440,三方郡,10918
18442,三方郡美浜町,10918
18480,大飯郡,20191
18481,大飯郡高浜町,11307
18483,大飯郡おおい町,8884
18500,三方上中郡,16667
18501,三方上中郡若狭町,16667
19000,山梨県,867122
19201,甲府市,192580
19202,富士吉田市,52636
19204,都留市,32255
19205,山梨市,38375
19206,大月市,29517
19207,韮崎市,31714
19208,南アルプス市,72931
19209,北杜市,49317
19210,甲斐市,72683
19211,笛吹市,71379
19212,上野原市,27248
19213,甲州市,36002
19214,中央市,29890
19340,西八代郡,17884
19346,西八代郡市川三郷町,17884
19360,南巨摩郡,43681
19361,南巨摩郡増穂町,12966
19362,南巨摩郡鰍沢町,4057
19364,南巨摩郡早川町,1407
19365,南巨摩郡身延町,15640
19366,南巨摩郡南部町,9611
19380,中巨摩郡,16850
19384,中巨摩郡昭和町,16850
19420,南都留郡,50569
19422,南都留郡道志村,1992
19423,南都留郡西桂町,4817
19424,南都留郡忍野村,8811
19425,南都留郡山中湖村,5918
19429,南都留郡鳴沢村,3139
19430,南都留郡富士河口湖町,25892
19440,北都留郡,1611
19442,北都留郡小菅村,872
19443,北都留郡丹波山村,739
20000,長野県,2168926
20201,長野市,377887
20202,松本市,223246
20203,上田市,160192
20204,岡谷市,53691
20205,飯田市,106024
20206,諏訪市,51239
20207,須坂市,52966
20208,小諸市,44047
20209,伊那市,70699
20210,駒ヶ根市,34008
20211,中野市,47218
20212,大町市,30720
20213,飯山市,24734
20214,茅野市,56083
20215,塩尻市,67066
20217,佐久市,99659
20218,千曲市,63155
20219,東御市,31243
20220,安曇野市,97552
20300,南佐久郡,27966
20303,南佐久郡小海町,5448
20304,南佐久郡川上村,4375
20305,南佐久郡南牧村,3323
20306,南佐久郡南相木村,1155
20307,南佐久郡北相木村,885
20309,南佐久郡佐久穂町,12780
20320,北佐久郡,41497
20321,北佐久郡軽井沢町,18951
20323,北佐久郡御代田町,14443
20324,北佐久郡立科町,8103
20340,小県郡,12025
20349,小県郡青木村,4848
20350,小県郡長和町,7177
20360,諏訪郡,45174
20361,諏訪郡下諏訪町,21976
20362,諏訪郡富士見町,15400
20363,諏訪郡原村,7798
20380,上伊那郡,84879
20382,上伊那郡辰野町,21569
20383,上伊那郡箕輪町,24929
20384,上伊那郡飯島町,10012
20385,上伊那郡南箕輪村,14005
20386,上伊那郡中川村,5296
20388,上伊那郡宮田村,9068
20400,下伊那郡,65633
20402,下伊那郡松川町,14122
20403,下伊那郡高森町,13476
20404,下伊那郡阿南町,5524
20407,下伊那郡阿智村,7072
20409,下伊那郡平谷村,539
20410,下伊那郡根羽村,1180
20411,下伊那郡下條村,4183
20412,下伊那郡売木村,653
20413,下伊那郡天龍村,1795
20414,下伊那郡泰阜村,1878
20415,下伊那郡喬木村,6897
20416,下伊那郡豊丘村,7083
20417,下伊那郡大鹿村,1231
20420,木曽郡,32047
20422,木曽郡上松町,5438
20423,木曽郡南木曽町,4994
20425,木曽郡木祖村,3328
20429,木曽郡王滝村,967
20430,木曽郡大桑村,4336
20432,木曽郡木曽町,12984
20440,東筑摩郡,39591
20446,東筑摩郡麻績村,3145
20448,東筑摩郡生坂村,2083
20449,東筑摩郡波田町,15210
20450,東筑摩郡山形村,8704
20451,東筑摩郡朝日村,4915
20452,東筑摩郡筑北村,5534
20480,北安曇郡,33346
20481,北安曇郡池田町,10656
20482,北安曇郡松川村,10050
20485,北安曇郡白馬村,9183
20486,北安曇郡小谷村,3457
20520,埴科郡,16223
20521,埴科郡坂城町,16223
20540,上高井郡,19346
20541,上高井郡小布施町,11486
20543,上高井郡高山村,7860
20560,下高井郡,24074
20561,下高井郡山ノ内町,14577
20562,下高井郡木島平村,5346
20563,下高井郡野沢温泉村,4151
20580,上水内郡,33332
20581,上水内郡信州新町,5334
20583,上水内郡信濃町,9829
20588,上水内郡小川村,3139
20589,上水内郡中条村,2332
20590,上水内郡飯綱町,12698
20600,下水内郡,2364
20602,下水内郡栄村,2364
21000,岐阜県,2089413
21201,岐阜市,411884
21202,大垣市,158966
21203,高山市,93915
21204,多治見市,115709
21205,関市,91877
21206,中津川市,83820
21207,美濃市,23244
21208,瑞浪市,40300
21209,羽島市,67906
21210,恵那市,55230
21211,美濃加茂市,49492
21212,土岐市,61308
21213,各務原市,145761
21214,可児市,95887
21215,山県市,30198
21216,瑞穂市,49141
21217,飛騨市,28084
21218,本巣市,35534
21219,郡上市,47250
21220,下呂市,37337
21221,海津市,39017
21300,羽島郡,45230
21302,羽島郡岐南町,23203
21303,羽島郡笠松町,22027
21340,養老郡,32553
21341,養老郡養老町,32553
21360,不破郡,36363
21361,不破郡垂井町,28040
21362,不破郡関ケ原町,8323
21380,安八郡,45518
21381,安八郡神戸町,20317
21382,安八郡輪之内町,9786
21383,安八郡安八町,15415
21400,揖斐郡,73795
21401,揖斐郡揖斐川町,25022
21403,揖斐郡大野町,24079
21404,揖斐郡池田町,24694
21420,本巣郡,18057
21421,本巣郡北方町,18057
21500,加茂郡,55032
21501,加茂郡坂祝町,7858
21502,加茂郡富加町,5643
21503,加茂郡川辺町,10774
21504,加茂郡七宗町,4845
21505,加茂郡八百津町,12810
21506,加茂郡白川町,10299
21507,加茂郡東白川村,2803
21520,可児郡,19215
21521,可児郡御嵩町,19215
21600,大野郡,1790
21604,大野郡白川村,1790
22000,静岡県,3773694
22100,静岡市,718623
22101,静岡市葵区,258326
22102,静岡市駿河区,209130
22103,静岡市清水区,251167
22130,浜松市,792104
22131,浜松市中区,234427
22132,浜松市東区,125053
22133,浜松市西区,112469
22134,浜松市南区,100679
22135,浜松市北区,93953
22136,浜松市浜北区,89658
22137,浜松市天竜区,35865
22203,沼津市,208749
22205,熱海市,40592
22206,三島市,112221
22207,富士宮市,124385
22208,伊東市,74326
22209,島田市,102642
22210,富士市,256266
22211,磐田市,166991
22212,焼津市,143234
22213,掛川市,115504
22214,藤枝市,143248
22215,御殿場市,87318
22216,袋井市,83008
22219,下田市,25549
22220,裾野市,53350
22221,湖西市,42357
22222,伊豆市,36074
22223,御前崎市,34892
22224,菊川市,45611
22225,伊豆の国市,50088
22226,牧之原市,49900
22300,賀茂郡,50637
22301,賀茂郡東伊豆町,14380
22302,賀茂郡河津町,8256
22304,賀茂郡南伊豆町,9760
22305,賀茂郡松崎町,8144
22306,賀茂郡西伊豆町,10097
22320,田方郡,38802
22325,田方郡函南町,38802
22340,駿東郡,92409
22341,駿東郡清水町,31777
22342,駿東郡長泉町,39894
22344,駿東郡小山町,20738
22360,富士郡,9716
22361,富士郡芝川町,9716
22420,榛原郡,38003
22424,榛原郡吉田町,29307
22429,榛原郡川根本町,8696
22460,周智郡,20219
22461,周智郡森町,20219
22500,浜名郡,16876
22503,浜名郡新居町,16876
23000,愛知県,7218350
23100,名古屋市,2173945
23101,名古屋市千種区,148391
23102,名古屋市東区,68602
23103,名古屋市北区,162385
23104,名古屋市西区,140073
23105,名古屋市中村区,128783
23106,名古屋市中区,67523
23107,名古屋市昭和区,97136
23108,名古屋市瑞穂区,103594
23109,名古屋市熱田区,62480
23110,名古屋市中川区,215218
23111,名古屋市港区,146762
23112,名古屋市南区,138551
23113,名古屋市守山区,162459
23114,名古屋市緑区,225692
23115,名古屋市名東区,154749
23116,名古屋市天白区,151547
23201,豊橋市,365143
23202,岡崎市,364757
23203,一宮市,379400
23204,瀬戸市,129587
23205,半田市,117290
23206,春日井市,300644
23207,豊川市,158442
23208,津島市,65930
23209,碧南市,70013
23210,刈谷市,140351
23211,豊田市,406821
23212,安城市,173066
23213,西尾市,103272
23214,蒲郡市,81515
23215,犬山市,73880
23216,常滑市,54173
23217,江南市,100223
23219,小牧市,144571
23220,稲沢市,134853
23221,新城市,51402
23222,東海市,106239
23223,大府市,82275
23224,知多市,84818
23225,知立市,65215
23226,尾張旭市,80386
23227,高浜市,42098
23228,岩倉市,46045
23229,豊明市,66203
23230,日進市,79527
23231,田原市,65571
23232,愛西市,66227
23233,清須市,56430
23234,北名古屋市,79603
23235,弥富市,42986
23300,愛知郡,87551
23302,愛知郡東郷町,40298
23304,愛知郡長久手町,47253
23340,西春日井郡,21507
23342,西春日井郡豊山町,13996
23345,西春日井郡春日町,7511
23360,丹羽郡,55473
23361,丹羽郡大口町,22018
23362,丹羽郡扶桑町,33455
23420,海部郡,156725
23421,海部郡七宝町,23047
23422,海部郡美和町,24023
23423,海部郡甚目寺町,39033
23424,海部郡大治町,29423
23425,海部郡蟹江町,36705
23427,海部郡飛島村,4494
23440,知多郡,159934
23441,知多郡阿久比町,24922
23442,知多郡東浦町,48654
23445,知多郡南知多町,21112
23446,知多郡美浜町,23764
23447,知多郡武豊町,41482
23480,幡豆郡,59456
23481,幡豆郡一色町,24190
23482,幡豆郡吉良町,22591
23483,幡豆郡幡豆町,12675
23500,額田郡,36252
23501,額田郡幸田町,36252
23520,西加茂郡,55622
23521,西加茂郡三好町,55622
23560,北設楽郡,11737
23561,北設楽郡設楽町,6210
23562,北設楽郡東栄町,4093
23563,北設楽郡豊根村,1434
23600,宝飯郡,21192
23603,宝飯郡小坂井町,21192
24000,三重県,1854050
24201,津市,282569
24202,四日市市,305038
24203,伊勢市,133544
24204,松阪市,167285
24205,桑名市,138467
24207,鈴鹿市,194512
24208,名張市,82571
24209,尾鷲市,21616
24210,亀山市,47711
24211,鳥羽市,22695
24212,熊野市,20465
24214,いなべ市,45427
24215,志摩市,58642
24216,伊賀市,96357
24300,桑名郡,6622
24303,桑名郡木曽岬町,6622
24320,員弁郡,25369
24324,員弁郡東員町,25369
24340,三重郡,62392
24341,三重郡菰野町,39942
24343,三重郡朝日町,8992
24344,三重郡川越町,13458
24440,多気郡,49639
24441,多気郡多気町,15664
24442,多気郡明和町,23227
24443,多気郡大台町,10748
24460,度会郡,51441
24461,度会郡玉城町,15286
24470,度会郡度会町,9098
24471,度会郡大紀町,10551
24472,度会郡南伊勢町,16506
24540,北牟婁郡,19492
24543,北牟婁郡紀北町,19492
24560,南牟婁郡,22196
24561,南牟婁郡御浜町,9807
24562,南牟婁郡紀宝町,12389
25000,滋賀県,1382321
25201,大津市,330041
25202,彦根市,109276
25203,長浜市,80838
25204,近江八幡市,68316
25206,草津市,117546
25207,守山市,75531
25208,栗東市,63445
25209,甲賀市,92659
25210,野洲市,49849
25211,湖南市,52899
25212,高島市,53859
25213,東近江市,114165
25214,米原市,41072
25380,蒲生郡,48284
25381,蒲生郡安土町,12158
25383,蒲生郡日野町,22802
25384,蒲生郡竜王町,13324
25420,愛知郡,19456
25425,愛知郡愛荘町,19456
25440,犬上郡,23292
25441,犬上郡豊郷町,7205
25442,犬上郡甲良町,7954
25443,犬上郡多賀町,8133
25480,東浅井郡,14702
25482,東浅井郡虎姫町,5605
25483,東浅井郡湖北町,9097
25500,伊香郡,27091
25501,伊香郡高月町,10237
25502,伊香郡木之本町,8308
25503,伊香郡余呉町,3854
25504,伊香郡西浅井町,4692
26000,京都府,2555650
26100,京都市,1386899
26101,京都市北区,112701
26102,京都市上京区,74903
26103,京都市左京区,151338
26104,京都市中京区,97816
26105,京都市東山区,38231
26106,京都市下京区,72620
26107,京都市南区,92695
26108,京都市右京区,189900
26109,京都市伏見区,274201
26110,京都市山科区,131381
26111,京都市西京区,151113
26201,福知山市,81156
26202,舞鶴市,90287
26203,綾部市,37453
26204,宇治市,189693
26205,宮津市,21013
26206,亀岡市,93407
26207,城陽市,80571
26208,向日市,54743
26209,長岡京市,78948
26210,八幡市,73325
26211,京田辺市,62098
26212,京丹後市,62255
26213,南丹市,34672
26214,木津川市,68443
26300,乙訓郡,15476
26303,乙訓郡大山崎町,15476
26320,久世郡,16618
26322,久世郡久御山町,16618
26340,綴喜郡,18439
26343,綴喜郡井手町,8386
26344,綴喜郡宇治田原町,10053
26360,相楽郡,45791
26364,相楽郡笠置町,1797
26365,相楽郡和束町,4932
26366,相楽郡精華町,35747
26367,相楽郡南山城村,3315
26400,船井郡,16978
26407,船井郡京丹波町,16978
26460,与謝郡,27385
26463,与謝郡伊根町,2628
26465,与謝郡与謝野町,24757
27000,大阪府,8676622
27100,大阪市,2525153
27102,大阪市都島区,97983
27103,大阪市福島区,62780
27104,大阪市此花区,65095
27106,大阪市西区,75366
27107,大阪市港区,83768
27108,大阪市大正区,71169
27109,大阪市天王寺区,61867
27111,大阪市浪速区,50392
27113,大阪市西淀川区,95554
27114,大阪市東淀川区,168032
27115,大阪市東成区,73059
27116,大阪市生野区,103991
27117,大阪市旭区,91916
27118,大阪市城東区,162982
27119,大阪市阿倍野区,102794
27120,大阪市住吉区,152406
27121,大阪市東住吉区,130906
27122,大阪市西成区,110254
27123,大阪市淀川区,163517
27124,大阪市鶴見区,109284
27125,大阪市住之江区,126539
27126,大阪市平野区,197326
27127,大阪市北区,97658
27128,大阪市中央区,70515
27140,堺市,835492
27141,堺市堺区,143163
27142,堺市中区,121926
27143,堺市東区,86742
27144,堺市西区,134242
27145,堺市南区,156663
27146,堺市北区,153521
27147,堺市美原区,39235
27202,岸和田市,201701
27203,豊中市,389570
27204,池田市,102320
27205,吹田市,347896
27206,泉大津市,76813
27207,高槻市,355483
27208,貝塚市,90150
27209,守口市,145471
27210,枚方市,406253
27211,茨木市,269573
27212,八尾市,265518
27213,泉佐野市,102103
27214,富田林市,120547
27215,寝屋川市,240424
27216,河内長野市,115570
27217,松原市,125670
27218,大東市,125384
27219,和泉市,182678
27220,箕面市,125515
27221,柏原市,73892
27222,羽曳野市,118780
27223,門真市,128908
27224,摂津市,82758
27225,高石市,60014
27226,藤井寺市,66052
27227,東大阪市,488613
27228,泉南市,65278
27229,四條畷市,57095
27230,交野市,78470
27231,大阪狭山市,57600
27232,阪南市,58252
27300,三島郡,29382
27301,三島郡島本町,29382
27320,豊能郡,36231
27321,豊能郡豊能町,23631
27322,豊能郡能勢町,12600
27340,泉北郡,17690
27341,泉北郡忠岡町,17690
27360,泉南郡,70884
27361,泉南郡熊取町,44419
27362,泉南郡田尻町,8114
27366,泉南郡岬町,18351
27380,南河内郡,37439
27381,南河内郡太子町,14415
27382,南河内郡河南町,16613
27383,南河内郡千早赤阪村,6411
28000,兵庫県,5586254
28100,神戸市,1508200
28101,神戸市東灘区,203512
28102,神戸市灘区,124508
28105,神戸市兵庫区,106714
28106,神戸市長田区,98131
28107,神戸市須磨区,166463
28108,神戸市垂水区,222296
28109,神戸市北区,227636
28110,神戸市中央区,111132
28111,神戸市西区,247808
28201,姫路市,533443
28202,尼崎市,459933
28203,明石市,293537
28204,西宮市,468887
28205,洲本市,49575
28206,芦屋市,93372
28207,伊丹市,195799
28208,相生市,31875
28209,豊岡市,89286
28210,加古川市,266984
28212,赤穂市,51524
28213,西脇市,44208
28214,宝塚市,226315
28215,三木市,82427
28216,高砂市,95746
28217,川西市,159986
28218,小野市,49813
28219,三田市,113183
28220,加西市,48129
28221,篠山市,44962
28222,養父市,27883
28223,丹波市,70460
28224,南あわじ市,52448
28225,朝来市,34369
28226,淡路市,49322
28227,宍粟市,43805
28228,加東市,39852
28229,たつの市,81405
28300,川辺郡,32404
28301,川辺郡猪名川町,32404
28360,多可郡,24133
28365,多可郡多可町,24133
28380,加古郡,65841
28381,加古郡稲美町,31962
28382,加古郡播磨町,33879
28440,神崎郡,46434
28442,神崎郡市川町,14029
28443,神崎郡福崎町,19369
28446,神崎郡神河町,13036
28460,揖保郡,34086
28464,揖保郡太子町,34086
28480,赤穂郡,17511
28481,赤穂郡上郡町,17511
28500,佐用郡,20463
28501,佐用郡佐用町,20463
28580,美方郡,38654
28585,美方郡香美町,21431
28586,美方郡新温泉町,17223
29000,奈良県,1414970
29201,奈良市,365655
29202,大和高田市,70787
29203,大和郡山市,90574
29204,天理市,68001
29205,橿原市,124382
29206,桜井市,61114
29207,五條市,36263
29208,御所市,31010
29209,生駒市,117761
29210,香芝市,74217
29211,葛城市,35966
29212,宇陀市,36376
29320,山辺郡,4423
29322,山辺郡山添村,4423
29340,生駒郡,79940
29342,生駒郡平群町,20448
29343,生駒郡三郷町,23029
29344,生駒郡斑鳩町,28442
29345,生駒郡安堵町,8021
29360,磯城郡,49346
29361,磯城郡川西町,8906
29362,磯城郡三宅町,7610
29363,磯城郡田原本町,32830
29380,宇陀郡,4186
29385,宇陀郡曽爾村,1949
29386,宇陀郡御杖村,2237
29400,高市郡,14098
29401,高市郡高取町,7845
29402,高市郡明日香村,6253
29420,北葛城郡,100169
29424,北葛城郡上牧町,24467
29425,北葛城郡王寺町,22393
29426,北葛城郡広陵町,33862
29427,北葛城郡河合町,19447
29440,吉野郡,50702
29441,吉野郡吉野町,9483
29442,吉野郡大淀町,20001
29443,吉野郡下市町,7246
29444,吉野郡黒滝村,970
29446,吉野郡天川村,1824
29447,吉野郡野迫川村,550
29449,吉野郡十津川村,4183
29450,吉野郡下北山村,1228
29451,吉野郡上北山村,708
29452,吉野郡川上村,1947
29453,吉野郡東吉野村,2562
30000,和歌山県,1038729
30201,和歌山市,381494
30202,海南市,57577
30203,橋本市,68367
30204,有田市,32074
30205,御坊市,26043
30206,田辺市,82537
30207,新宮市,32599
30208,紀の川市,68651
30209,岩出市,52077
30300,海草郡,11196
30304,海草郡紀美野町,11196
30340,伊都郡,28674
30341,伊都郡かつらぎ町,19389
30343,伊都郡九度山町,5326
30344,伊都郡高野町,3959
30360,有田郡,50437
30361,有田郡湯浅町,14013
30362,有田郡広川町,7925
30366,有田郡有田川町,28499
30380,日高郡,58086
30381,日高郡美浜町,8284
30382,日高郡日高町,7789
30383,日高郡由良町,7102
30390,日高郡印南町,9356
30391,日高郡みなべ町,14432
30392,日高郡日高川町,11123
30400,西牟婁郡,44144
30401,西牟婁郡白浜町,23760
30404,西牟婁郡上富田町,15305
30406,西牟婁郡すさみ町,5079
30420,東牟婁郡,44773
30421,東牟婁郡那智勝浦町,17936
30422,東牟婁郡太地町,3548
30424,東牟婁郡古座川町,3357
30427,東牟婁郡北山村,506
30428,東牟婁郡串本町,19426
31000,鳥取県,598485
31201,鳥取市,196587
31202,米子市,148873
31203,倉吉市,51124
31204,境港市,36416
31300,岩美郡,13149
31302,岩美郡岩美町,13149
31320,八頭郡,32258
31325,八頭郡若桜町,4214
31328,八頭郡智頭町,8424
31329,八頭郡八頭町,19620
31360,東伯郡,60867
31364,東伯郡三朝町,7446
31370,東伯郡湯梨浜町,17747
31371,東伯郡琴浦町,19456
31372,東伯郡北栄町,16218
31380,西伯郡,45702
31384,西伯郡日吉津村,3271
31386,西伯郡大山町,18557
31389,西伯郡南部町,11945
31390,西伯郡伯耆町,11929
31400,日野郡,13509
31401,日野郡日南町,5946
31402,日野郡日野町,3972
31403,日野郡江府町,3591
32000,島根県,727793
32201,松江市,192612
32202,浜田市,59944
32203,出雲市,145922
32204,益田市,51367
32205,大田市,39784
32206,安来市,43309
32207,江津市,26684
32209,雲南市,44019
32300,八束郡,14536
32304,八束郡東出雲町,14536
32340,仁多郡,15261
32343,仁多郡奥出雲町,15261
32380,飯石郡,5730
32386,飯石郡飯南町,5730
32400,簸川郡,28004
32401,簸川郡斐川町,28004
32440,邑智郡,22130
32441,邑智郡川本町,3956
32448,邑智郡美郷町,5725
32449,邑智郡邑南町,12449
32500,鹿足郡,16025
32501,鹿足郡津和野町,8962
32505,鹿足郡吉賀町,7063
32520,隠岐郡,22466
32525,隠岐郡海士町,2370
32526,隠岐郡西ノ島町,3334
32527,隠岐郡知夫村,663
32528,隠岐郡隠岐の島町,16099
33000,岡山県,1943864
33201,岡山市,687136
33202,倉敷市,473743
33203,津山市,108169
33204,玉野市,66470
33205,笠岡市,55140
33207,井原市,45363
33208,総社市,66615
33209,高梁市,35164
33210,新見市,34946
33211,備前市,39583
33212,瀬戸内市,39281
33213,赤磐市,44972
33214,真庭市,51704
33215,美作市,32316
33216,浅口市,37625
33340,和気郡,15981
33346,和気郡和気町,15981
33420,都窪郡,12205
33423,都窪郡早島町,12205
33440,浅口郡,11000
33445,浅口郡里庄町,11000
33460,小田郡,15717
33461,小田郡矢掛町,15717
33580,真庭郡,1048
33586,真庭郡新庄村,1048
33600,苫田郡,14477
33606,苫田郡鏡野町,14477
33620,勝田郡,17835
33622,勝田郡勝央町,11431
33623,勝田郡奈義町,6404
33640,英田郡,1603
33643,英田郡西粟倉村,1603
33660,久米郡,22225
33663,久米郡久米南町,5633
33666,久米郡美咲町,16592
33680,加賀郡,13546
33681,加賀郡吉備中央町,13546
34000,広島県,2859300
34100,広島市,1153579
34101,広島市中区,122190
34102,広島市東区,119604
34103,広島市南区,135964
34104,広島市西区,182155
34105,広島市安佐南区,226086
34106,広島市安佐北区,153387
34107,広島市安芸区,78669
34108,広島市佐伯区,135524
34202,呉市,246331
34203,竹原市,29860
34204,三原市,102240
34205,尾道市,149335
34207,福山市,463817
34208,府中市,44669
34209,三次市,58416
34210,庄原市,41499
34211,大竹市,29389
34212,東広島市,177517
34213,廿日市市,117667
34214,安芸高田市,32414
34215,江田島市,27821
34300,安芸郡,117882
34302,安芸郡府中町,51019
34304,安芸郡海田町,27916
34307,安芸郡熊野町,25579
34309,安芸郡坂町,13368
34360,山県郡,28285
34368,山県郡安芸太田町,7872
34369,山県郡北広島町,20413
34420,豊田郡,8783
34431,豊田郡大崎上島町,8783
34460,世羅郡,18524
34462,世羅郡世羅町,18524
34540,神石郡,11272
34545,神石郡神石高原町,11272
35000,山口県,1471715
35201,下関市,283649
35202,宇部市,173401
35203,山口市,187648
35204,萩市,56196
35206,防府市,118371
35207,下松市,55568
35208,岩国市,147571
35210,光市,54530
35211,長門市,39807
35212,柳井市,35726
35213,美祢市,29175
35215,周南市,152365
35216,山陽小野田市,66006
35300,大島郡,20266
35305,大島郡周防大島町,20266
35320,玖珂郡,6594
35321,玖珂郡和木町,6594
35340,熊毛郡,33432
35341,熊毛郡上関町,3667
35343,熊毛郡田布施町,16535
35344,熊毛郡平生町,13230
35500,阿武郡,11410
35502,阿武郡阿武町,3966
35504,阿武郡阿東町,7444
36000,徳島県,800825
36201,徳島市,259346
36202,鳴門市,63002
36203,小松島市,41856
36204,阿南市,78606
36205,吉野川市,45596
36206,阿波市,41595
36207,美馬市,33560
36208,三好市,32393
36300,勝浦郡,8159
36301,勝浦郡勝浦町,6153
36302,勝浦郡上勝町,2006
36320,名東郡,2862
36321,名東郡佐那河内村,2862
36340,名西郡,33553
36341,名西郡石井町,26786
36342,名西郡神山町,6767
36360,那賀郡,10602
36368,那賀郡那賀町,10602
36380,海部郡,24898
36383,海部郡牟岐町,5191
36387,海部郡美波町,8277
36388,海部郡海陽町,11430
36400,板野郡,97425
36401,板野郡松茂町,15073
36402,板野郡北島町,21735
36403,板野郡藍住町,33098
36404,板野郡板野町,14321
36405,板野郡上板町,13198
36460,美馬郡,11465
36468,美馬郡つるぎ町,11465
36480,三好郡,15907
36489,三好郡東みよし町,15907
37000,香川県,1016540
37201,高松市,423119
37202,丸亀市,111963
37203,坂出市,57768
37204,善通寺市,34229
37205,観音寺市,64631
37206,さぬき市,54412
37207,東かがわ市,35683
37208,三豊市,71386
37320,小豆郡,33083
37322,小豆郡土庄町,16250
37324,小豆郡小豆島町,16833
37340,木田郡,29182
37341,木田郡三木町,29182
37360,香川郡,3336
37364,香川郡直島町,3336
37380,綾歌郡,43118
37386,綾歌郡宇多津町,17286
37387,綾歌郡綾川町,25832
37400,仲多度郡,54630
37403,仲多度郡琴平町,10498
37404,仲多度郡多度津町,23832
37406,仲多度郡まんのう町,20300
38000,愛媛県,1464307
38201,松山市,514372
38202,今治市,173148
38203,宇和島市,88055
38204,八幡浜市,39981
38205,新居浜市,125689
38206,西条市,114786
38207,大洲市,49564
38210,伊予市,39840
38213,四国中央市,93574
38214,西予市,44127
38215,東温市,34831
38340,越智郡,7676
38356,越智郡上島町,7676
38380,上浮穴郡,10625
38386,上浮穴郡久万高原町,10625
38400,伊予郡,54020
38401,伊予郡松前町,31411
38402,伊予郡砥部町,22609
38420,喜多郡,19322
38422,喜多郡内子町,19322
38440,西宇和郡,11920
38442,西宇和郡伊方町,11920
38480,北宇和郡,16723
38484,北宇和郡松野町,4597
38488,北宇和郡鬼北町,12126
38500,南宇和郡,26054
38506,南宇和郡愛南町,26054
39000,高知県,777080
39201,高知市,339963
39202,室戸市,17007
39203,安芸市,20135
39204,南国市,49853
39205,土佐市,29426
39206,須崎市,25150
39208,宿毛市,23339
39209,土佐清水市,16940
39210,四万十市,36593
39211,香南市,33930
39212,香美市,28574
39300,安芸郡,19915
39301,安芸郡東洋町,3223
39302,安芸郡奈半利町,3750
39303,安芸郡田野町,3111
39304,安芸郡安田町,3195
39305,安芸郡北川村,1490
39306,安芸郡馬路村,1062
39307,安芸郡芸西村,4084
39340,長岡郡,9182
39341,長岡郡本山町,4021
39344,長岡郡大豊町,5161
39360,土佐郡,4993
39363,土佐郡土佐町,4520
39364,土佐郡大川村,473
39380,吾川郡,34144
39386,吾川郡いの町,27038
39387,吾川郡仁淀川町,7106
39400,高岡郡,66273
39401,高岡郡中土佐町,8249
39402,高岡郡佐川町,14375
39403,高岡郡越知町,6801
39405,高岡郡檮原町,4010
39410,高岡郡日高村,5870
39411,高岡郡津野町,6851
39412,高岡郡四万十町,20117
39420,幡多郡,21663
39424,幡多郡大月町,6389
39427,幡多郡三原村,1815
39428,幡多郡黒潮町,13459
40000,福岡県,5031870
40100,北九州市,981016
40101,北九州市門司区,108293
40103,北九州市若松区,86945
40105,北九州市戸畑区,62537
40106,北九州市小倉北区,177652
40107,北九州市小倉南区,215331
40108,北九州市八幡東区,72846
40109,北九州市八幡西区,257412
40130,福岡市,1384820
40131,福岡市東区,273459
40132,福岡市博多区,191471
40133,福岡市中央区,162040
40134,福岡市南区,242228
40135,福岡市西区,185987
40136,福岡市城南区,120672
40137,福岡市早良区,208963
40202,大牟田市,128122
40203,久留米市,303233
40204,直方市,58869
40205,飯塚市,132220
40206,田川市,51200
40207,柳川市,73231
40210,八女市,42261
40211,筑後市,48583
40212,大川市,38805
40213,行橋市,71993
40214,豊前市,28004
40215,中間市,46206
40216,小郡市,58967
40217,筑紫野市,99849
40218,春日市,108561
40219,大野城市,94287
40220,宗像市,94780
40221,太宰府市,68601
40222,前原市,69333
40223,古賀市,57640
40224,福津市,55819
40225,うきは市,32925
40226,宮若市,31325
40227,嘉麻市,45003
40228,朝倉市,58789
40229,みやま市,42461
40300,筑紫郡,49322
40305,筑紫郡那珂川町,49322
40340,糟屋郡,211547
40341,糟屋郡宇美町,37832
40342,糟屋郡篠栗町,31637
40343,糟屋郡志免町,42772
40344,糟屋郡須惠町,25902
40345,糟屋郡新宮町,24071
40348,糟屋郡久山町,8283
40349,糟屋郡粕屋町,41050
40380,遠賀郡,97939
40381,遠賀郡芦屋町,15842
40382,遠賀郡水巻町,30231
40383,遠賀郡岡垣町,32306
40384,遠賀郡遠賀町,19560
40400,鞍手郡,26867
40401,鞍手郡小竹町,8979
40402,鞍手郡鞍手町,17888
40420,嘉穂郡,14358
40421,嘉穂郡桂川町,14358
40440,朝倉郡,31952
40447,朝倉郡筑前町,29299
40448,朝倉郡東峰村,2653
40460,糸島郡,31203
40462,糸島郡二丈町,13421
40463,糸島郡志摩町,17782
40500,三井郡,15570
40503,三井郡大刀洗町,15570
40520,三潴郡,14549
40522,三潴郡大木町,14549
40540,八女郡,49256
40541,八女郡黒木町,13065
40543,八女郡立花町,11434
40544,八女郡広川町,19822
40545,八女郡矢部村,1600
40546,八女郡星野村,3335
40600,田川郡,89568
40601,田川郡香春町,12717
40602,田川郡添田町,11786
40604,田川郡糸田町,10111
40605,田川郡川崎町,19968
40608,田川郡大任町,5807
40609,田川郡赤村,3518
40610,田川郡福智町,25661
40620,京都郡,56721
40621,京都郡苅田町,34227
40625,京都郡みやこ町,22494
40640,築上郡,36115
40642,築上郡吉富町,7149
40646,築上郡上毛町,8286
40647,築上郡築上町,20680
41000,佐賀県,862156
41201,佐賀市,236552
41202,唐津市,131737
41203,鳥栖市,67380
41204,多久市,22356
41205,伊万里市,58316
41206,武雄市,51599
41207,鹿島市,31849
41208,小城市,46520
41209,嬉野市,29153
41210,神埼市,33645
41320,神埼郡,16093
41327,神埼郡吉野ヶ里町,16093
41340,三養基郡,54170
41341,三養基郡基山町,18110
41345,三養基郡上峰町,9316
41346,三養基郡みやき町,26744
41380,東松浦郡,6611
41387,東松浦郡玄海町,6611
41400,西松浦郡,21774
41401,西松浦郡有田町,21774
41420,杵島郡,43954
41423,杵島郡大町町,7746
41424,杵島郡江北町,9678
41425,杵島郡白石町,26530
41440,藤津郡,10447
41441,藤津郡太良町,10447
42000,長崎県,1458404
42201,長崎市,446668
42202,佐世保市,255118
42203,島原市,49419
42204,諫早市,142244
42205,大村市,91283
42207,平戸市,37221
42208,松浦市,26255
42209,対馬市,36417
42210,壱岐市,30967
42211,五島市,43264
42212,西海市,32328
42213,雲仙市,49584
42214,南島原市,53672
42300,西彼杵郡,72499
42307,西彼杵郡長与町,42364
42308,西彼杵郡時津町,30135
42320,東彼杵郡,39619
42321,東彼杵郡東彼杵町,9202
42322,東彼杵郡川棚町,15070
42323,東彼杵郡波佐見町,15347
42380,北松浦郡,28064
42383,北松浦郡小値賀町,3009
42388,北松浦郡江迎町,5994
42389,北松浦郡鹿町町,5267
42391,北松浦郡佐々町,13794
42400,南松浦郡,23782
42411,南松浦郡新上五島町,23782
43000,熊本県,1839309
43201,熊本市,672422
43202,八代市,135377
43203,人吉市,36199
43204,荒尾市,56645
43205,水俣市,28220
43206,玉名市,70976
43208,山鹿市,58015
43210,菊池市,52156
43211,宇土市,38351
43212,上天草市,32783
43213,宇城市,63377
43214,阿蘇市,29336
43215,天草市,94525
43216,合志市,54532
43340,下益城郡,32237
43341,下益城郡城南町,20016
43348,下益城郡美里町,12221
43360,玉名郡,45686
43364,玉名郡玉東町,5653
43367,玉名郡南関町,11142
43368,玉名郡長洲町,17048
43369,玉名郡和水町,11843
43380,鹿本郡,30753
43385,鹿本郡植木町,30753
43400,菊池郡,66126
43403,菊池郡大津町,30592
43404,菊池郡菊陽町,35534
43420,阿蘇郡,41024
43423,阿蘇郡南小国町,4673
43424,阿蘇郡小国町,8477
43425,阿蘇郡産山村,1706
43428,阿蘇郡高森町,7245
43432,阿蘇郡西原村,6847
43433,阿蘇郡南阿蘇村,12076
43440,上益城郡,90375
43441,上益城郡御船町,18248
43442,上益城郡嘉島町,8793
43443,上益城郡益城町,33237
43444,上益城郡甲佐町,11522
43447,上益城郡山都町,18575
43460,八代郡,13249
43468,八代郡氷川町,13249
43480,葦北郡,25873
43482,葦北郡芦北町,20511
43484,葦北郡津奈木町,5362
43500,球磨郡,62600
43501,球磨郡錦町,11674
43505,球磨郡多良木町,11132
43506,球磨郡湯前町,4629
43507,球磨郡水上村,2573
43510,球磨郡相良村,5243
43511,球磨郡五木村,1380
43512,球磨郡山江村,3920
43513,球磨郡球磨村,4683
43514,球磨郡あさぎり町,17366
43520,天草郡,8472
43531,天草郡苓北町,8472
44000,大分県,1211042
44201,大分市,468700
44202,別府市,121118
44203,中津市,85608
44204,日田市,73003
44205,佐伯市,80780
44206,臼杵市,43569
44207,津久見市,21267
44208,竹田市,26023
44209,豊後高田市,24688
44210,杵築市,33261
44211,宇佐市,61585
44212,豊後大野市,41337
44213,由布市,36330
44214,国東市,33533
44320,東国東郡,2519
44322,東国東郡姫島村,2519
44340,速見郡,28532
44341,速見郡日出町,28532
44460,玖珠郡,29189
44461,玖珠郡九重町,11136
44462,玖珠郡玖珠町,18053
45000,宮崎県,1155844
45201,宮崎市,372032
45202,都城市,171560
45203,延岡市,134428
45204,日南市,59835
45205,小林市,41326
45206,日向市,64499
45207,串間市,21700
45208,西都市,33909
45209,えびの市,22782
45300,宮崎郡,27989
45301,宮崎郡清武町,27989
45340,北諸県郡,25066
45341,北諸県郡三股町,25066
45360,西諸県郡,19261
45361,西諸県郡高原町,10819
45362,西諸県郡野尻町,8442
45380,東諸県郡,29357
45382,東諸県郡国富町,21749
45383,東諸県郡綾町,7608
45400,児湯郡,76599
45401,児湯郡高鍋町,21842
45402,児湯郡新富町,18811
45403,児湯郡西米良村,1273
45404,児湯郡木城町,5389
45405,児湯郡川南町,17405
45406,児湯郡都農町,11879
45420,東臼杵郡,31593
45421,東臼杵郡門川町,19275
45429,東臼杵郡諸塚村,2076
45430,東臼杵郡椎葉村,3402
45431,東臼杵郡美郷町,6840
45440,西臼杵郡,23908
45441,西臼杵郡高千穂町,14321
45442,西臼杵郡日之影町,4964
45443,西臼杵郡五ヶ瀬町,4623
46000,鹿児島県,1728554
46201,鹿児島市,601790
46203,鹿屋市,105354
46204,枕崎市,24425
46206,阿久根市,24206
46208,出水市,56716
46210,指宿市,45443
46213,西之表市,17133
46214,垂水市,18116
46215,薩摩川内市,101153
46216,日置市,51785
46217,曽於市,41818
46218,霧島市,127811
46219,いちき串木野市,31525
46220,南さつま市,40129
46221,志布志市,34443
46222,奄美市,47372
46223,南九州市,40967
46224,伊佐市,30821
46300,鹿児島郡,982
46303,鹿児島郡三島村,368
46304,鹿児島郡十島村,614
46380,薩摩郡,24989
46392,薩摩郡さつま町,24989
46400,出水郡,11802
46404,出水郡長島町,11802
46440,姶良郡,86480
46441,姶良郡加治木町,22080
46442,姶良郡姶良町,45679
46443,姶良郡蒲生町,7234
46452,姶良郡湧水町,11487
46460,曽於郡,15220
46468,曽於郡大崎町,15220
46480,肝属郡,44465
46482,肝属郡東串良町,7168
46490,肝属郡錦江町,9639
46491,肝属郡南大隅町,9570
46492,肝属郡肝付町,18088
46500,熊毛郡,28942
46501,熊毛郡中種子町,8991
46502,熊毛郡南種子町,6421
46505,熊毛郡屋久島町,13530
46520,大島郡,74667
46523,大島郡大和村,1814
46524,大島郡宇検村,1995
46525,大島郡瀬戸内町,10263
46527,大島郡龍郷町,6180
46529,大島郡喜界町,8333
46530,大島郡徳之島町,12241
46531,大島郡天城町,6814
46532,大島郡伊仙町,7385
46533,大島郡和泊町,7227
46534,大島郡知名町,6834
46535,大島郡与論町,5581
47000,沖縄県,1397812
47201,那覇市,314031
47205,宜野湾市,91264
47207,石垣市,47973
47208,浦添市,110285
47209,名護市,59742
47210,糸満市,58138
47211,沖縄市,133762
47212,豊見城市,56050
47213,うるま市,117105
47214,宮古島市,54613
47215,南城市,40599
47300,国頭郡,66166
47301,国頭郡国頭村,5451
47302,国頭郡大宜味村,3417
47303,国頭郡東村,1927
47306,国頭郡今帰仁村,9490
47308,国頭郡本部町,14055
47311,国頭郡恩納村,10286
47313,国頭郡宜野座村,5502
47314,国頭郡金武町,11103
47315,国頭郡伊江村,4935
47320,中頭郡,147488
47324,中頭郡読谷村,39110
47325,中頭郡嘉手納町,13813
47326,中頭郡北谷町,27239
47327,中頭郡北中城村,16096
47328,中頭郡中城村,16889
47329,中頭郡西原町,34341
47340,島尻郡,93680
47348,島尻郡与那原町,15739
47350,島尻郡南風原町,34380
47353,島尻郡渡嘉敷村,716
47354,島尻郡座間味村,949
47355,島尻郡粟国村,834
47356,島尻郡渡名喜村,424
47357,島尻郡南大東村,1269
47358,島尻郡北大東村,510
47359,島尻郡伊平屋村,1370
47360,島尻郡伊是名村,1685
47361,島尻郡久米島町,8791
47362,島尻郡八重瀬町,27013
47370,宮古郡,1339
47375,宮古郡多良間村,1339
47380,八重山郡,5577
47381,八重山郡竹富町,4010
47382,八重山郡与那国町,1567
