01100,札幌市役所,43.06197200,141.35437400
01202,函館市役所,41.76871200,140.72910800
01203,小樽市役所,43.19075267,140.99460538
01204,旭川市役所,43.77079900,142.36479800
01205,室蘭市役所,42.31520400,140.97378400
01206,釧路市役所,42.98485600,144.38167000
01207,帯広市役所,42.92401400,143.19619500
01208,北見市役所,43.80782300,143.89438400
01209,夕張市役所,43.05681400,141.97406900
01210,岩見沢市役所,43.19616900,141.77585700
01211,網走市役所,44.02063100,144.27342200
01212,留萌市役所,43.94098700,141.63700900
01213,苫小牧市役所,42.63409400,141.60550300
01214,稚内市役所,45.41567500,141.67308200
01215,美唄市役所,43.33295100,141.85398600
01216,芦別市役所,43.51821000,142.18955200
01217,江別市役所,43.10366600,141.53610300
01218,赤平市役所,43.55803900,142.04422300
01219,紋別市役所,44.35633200,143.35427900
01220,士別市役所,44.17862600,142.40018200
01221,名寄市役所,44.35592400,142.46313400
01222,三笠市役所,43.24562200,141.87534200
01223,根室市役所,43.33003600,145.58290300
01224,千歳市役所,42.82112400,141.65113900
01225,滝川市役所,43.55775300,141.91037100
01226,砂川市役所,43.49484600,141.90346500
01227,歌志内市役所,43.52168200,142.03535300
01228,深川市役所,43.72318400,142.05352800
01229,富良野市役所,43.34202400,142.38310400
01230,登別市役所,42.41273500,141.10655600
01231,恵庭市役所,42.88259200,141.57779900
01233,伊達市役所,42.47189800,140.86470200
01234,北広島市役所,42.98566300,141.56362500
01235,石狩市役所,43.17136500,141.31551400
01236,北斗市役所,41.82417400,140.65306700
02201,青森市役所,40.82235800,140.74732000
02202,弘前市役所,40.60296500,140.46400800
02203,八戸市役所,40.51227800,141.48840400
02204,黒石市役所,40.64260800,140.59454700
02205,五所川原市役所,40.80810100,140.44000700
02206,十和田市役所,40.61270300,141.20591000
02207,三沢市役所,40.68307800,141.36909300
02208,むつ市役所,41.29283500,141.18317400
02209,つがる市役所,40.80883600,140.38019500
02210,平川市役所,40.58411400,140.56650600
03201,盛岡市役所,39.70179500,141.15418300
03202,宮古市役所,39.64145600,141.95709500
03203,大船渡市役所,39.08190100,141.70854700
03205,花巻市役所,39.38860900,141.11685400
03206,北上市役所,39.28681700,141.11315700
03207,久慈市役所,40.19046600,141.77564400
03208,遠野市役所,39.32765700,141.53353800
03209,一関市役所,38.93475400,141.12675900
03210,陸前高田市役所,39.02794200,141.62541800
03211,釜石市役所,39.27581000,141.88571600
03213,二戸市役所,40.27119300,141.30480500
03214,八幡平市役所,39.95651100,141.07112000
03215,奥州市役所,39.14450600,141.13911600
03216,滝沢市役所,39.73473900,141.07706500
04100,仙台市役所,38.26800800,140.86961700
04202,石巻市役所,38.43445700,141.30290600
04203,塩竈市役所,38.31436000,141.02203000
04205,気仙沼市役所,38.90812700,141.57004400
04206,白石市役所,38.00246700,140.61988800
04207,名取市役所,38.17150100,140.89184900
04208,角田市役所,37.97701600,140.78154300
04209,多賀城市役所,38.29380300,141.00436900
04211,岩沼市役所,38.10430300,140.86994900
04212,登米市役所,38.69185600,141.18772000
04213,栗原市役所,38.73006200,141.02150800
04214,東松島市役所,38.42613400,141.21027800
04215,大崎市役所,38.57713200,140.95556500
05201,秋田市役所,39.71992900,140.10251200
05202,能代市役所,40.21213100,140.02664100
05203,横手市役所,39.31377700,140.56663600
05204,大館市役所,40.27137212,140.56436294
05206,男鹿市役所,39.88672100,139.84750000
05207,湯沢市役所,39.16407400,140.49468300
05209,鹿角市役所,40.21578900,140.78851900
05210,由利本荘市役所,39.38581400,140.04881900
05211,潟上市役所,39.88324300,139.98862300
05212,大仙市役所,39.45309000,140.47544800
05213,北秋田市役所,40.22604600,140.37072800
05214,にかほ市役所,39.20306700,139.90764900
05215,仙北市役所,39.70004400,140.73072800
06201,山形市役所,38.25543600,140.33960500
06202,米沢市役所,37.92224200,140.11668300
06203,鶴岡市役所,38.72718300,139.82672500
06204,酒田市役所,38.91438600,139.83651300
06205,新庄市役所,38.76496000,140.30166400
06206,寒河江市役所,38.38095400,140.27606800
06207,上山市役所,38.14956200,140.26783000
06208,村山市役所,38.48335200,140.38038000
06209,長井市役所,38.10748600,140.04053500
06210,天童市役所,38.36217700,140.37780200
06211,東根市役所,38.43129200,140.39102100
06212,尾花沢市役所,38.60062000,140.40569300
06213,南陽市役所,38.05511600,140.14830900
07201,福島市役所,37.76075900,140.47326900
07202,会津若松市役所,37.49484200,139.92970700
07203,郡山市役所,37.40045500,140.35965000
07204,いわき市役所,37.05045600,140.88768700
07205,白河市役所,37.12637900,140.21092300
07208,喜多方市役所,37.65113400,139.87448400
07209,相馬市役所,37.79652500,140.91962800
07210,二本松市役所,37.58478300,140.43119900
07211,田村市役所,37.44136600,140.56909800
07212,南相馬市役所,37.64219700,140.95723700
07213,伊達市役所,37.81909500,140.56289400
07214,本宮市役所,37.51316200,140.39387700
07207,須賀川市役所,37.28944100,140.35427200
08201,水戸市役所,36.36586100,140.47122200
08202,日立市役所,36.59901600,140.65154600
08203,土浦市役所,36.07187000,140.19605700
08204,古河市役所,36.17822800,139.75537100
08205,石岡市役所,36.19084000,140.28724200
08207,結城市役所,36.30526400,139.87715400
08208,龍ケ崎市役所,35.91159400,140.18226500
08210,下妻市役所,36.18451600,139.96737400
08211,常総市役所,36.02356300,139.99393400
08212,常陸太田市役所,36.53822700,140.53092900
08214,高萩市役所,36.71871991,140.71683044
08215,北茨城市役所,36.80189200,140.75103200
08216,笠間市役所,36.34512800,140.30423200
08217,取手市役所,35.91147400,140.05030500
08219,牛久市役所,35.97939700,140.14953200
08220,つくば市役所,36.08356016,140.07647317
08221,ひたちなか市役所,36.39661500,140.53467600
08222,鹿嶋市役所,35.96572070,140.64485242
08223,潮来市役所,35.94713400,140.55536400
08224,守谷市役所,35.95132697,139.97546532
08225,常陸大宮市役所,36.54259200,140.41101200
08226,那珂市役所,36.45742400,140.48672600
08227,筑西市役所,36.30711500,139.98306900
08228,坂東市役所,36.04836300,139.88868000
08229,稲敷市役所,35.95656900,140.32398800
08230,かすみがうら市役所,36.15181200,140.23700600
08231,桜川市役所,36.32727300,140.09047800
08232,神栖市役所,35.88997200,140.66452700
08233,行方市役所,35.99016591,140.48909986
08234,鉾田市役所,36.15868700,140.51643700
08235,つくばみらい市役所,35.96291100,140.03706900
08236,小美玉市役所,36.23928300,140.35258900
09201,宇都宮市役所,36.55511500,139.88280700
09202,足利市役所,36.34014600,139.44969600
09203,栃木市役所,36.38241388,139.73411109
09204,佐野市役所,36.30860300,139.59313400
09205,鹿沼市役所,36.56712000,139.74509800
09206,日光市役所,36.71986100,139.69820400
09208,小山市役所,36.31447700,139.80013200
09209,真岡市役所,36.44042700,140.01342800
09210,大田原市役所,36.87107600,140.01545800
09211,矢板市役所,36.80673200,139.92422600
09213,那須塩原市役所,36.96169000,140.04604400
09214,さくら市役所,36.68529500,139.96647400
09215,那須烏山市役所,36.65689100,140.15137600
09216,下野市役所,36.38716700,139.84194200
10201,前橋市役所,36.38941300,139.06349300
10202,高崎市役所,36.32195000,139.00335500
10203,桐生市役所,36.40521000,139.33064600
10204,伊勢崎市役所,36.31134100,139.19696000
10205,太田市役所,36.29112700,139.37536000
10206,沼田市役所,36.64607800,139.04407400
10207,館林市役所,36.24484100,139.54205700
10208,渋川市役所,36.48948000,139.00039400
10209,藤岡市役所,36.25850900,139.07456400
10210,富岡市役所,36.25985200,138.88995400
10211,安中市役所,36.32629800,138.88724400
10212,みどり市役所,36.39481900,139.28107600
11100,さいたま市役所,35.86151500,139.64550200
11201,川越市役所,35.92511200,139.48584000
11202,熊谷市役所,36.14736200,139.38866400
11203,川口市役所,35.80774100,139.72417100
11206,行田市役所,36.13895100,139.45564600
11207,秩父市役所,35.99168100,139.08547500
11208,所沢市役所,35.79967200,139.46861300
11209,飯能市役所,35.85576000,139.32779100
11210,加須市役所,36.13143800,139.60177500
11211,本庄市役所,36.24332900,139.19062900
11212,東松山市役所,36.04216200,139.39995000
11214,春日部市役所,35.97530500,139.75240900
11215,狭山市役所,35.85290700,139.41222700
11216,羽生市役所,36.17266700,139.54859200
11217,鴻巣市役所,36.06575800,139.52217200
11218,深谷市役所,36.19746600,139.28147000
11219,上尾市役所,35.97740800,139.59320300
11221,草加市役所,35.82537100,139.80532700
11222,越谷市役所,35.89108700,139.79094300
11223,蕨市役所,35.82557600,139.67975800
11224,戸田市役所,35.81763500,139.67793100
11225,入間市役所,35.83576900,139.39105800
11227,朝霞市役所,35.79725500,139.59391900
11228,志木市役所,35.83661400,139.58023000
11229,和光市役所,35.78110400,139.60569300
11230,新座市役所,35.79349700,139.56533000
11231,桶川市役所,36.00296600,139.55817700
11232,久喜市役所,36.06205900,139.66683800
11233,北本市役所,36.02702600,139.53024000
11234,八潮市役所,35.82253900,139.83917500
11235,富士見市役所,35.85675900,139.54907400
11237,三郷市役所,35.83013200,139.87224700
11238,蓮田市役所,35.99450400,139.66220000
11239,坂戸市役所,35.95726200,139.40298300
11240,幸手市役所,36.07808900,139.72580500
11241,鶴ヶ島市役所,35.93452300,139.39312600
11242,日高市役所,35.90774800,139.33914000
11243,吉川市役所,35.89112400,139.84132800
11245,ふじみ野市役所,35.87939600,139.51982000
11245,ふじみ野市役所出張所,35.87318600,139.51012100
11246,白岡市役所,36.01907000,139.67686100
11246,白岡市役所連絡所,36.01809000,139.66649300
12100,千葉市役所,35.60733100,140.10638000
12202,銚子市役所,35.73466700,140.82679100
12203,市川市役所,35.72191400,139.93101300
12204,船橋市役所,35.69471100,139.98262100
12205,館山市役所,34.99660800,139.87008500
12206,木更津市役所,35.37596900,139.91688400
12207,松戸市役所,35.78765200,139.90322600
12208,野田市役所,35.95510600,139.87482800
12210,茂原市役所,35.42854000,140.28805000
12211,成田市役所,35.77660500,140.31878100
12212,佐倉市役所,35.72344100,140.22397200
12213,東金市役所,35.55993200,140.36611500
12215,旭市役所,35.72045400,140.64659000
12216,習志野市役所,35.68293200,140.02438400
12217,柏市役所,35.86829500,139.97619900
12218,勝浦市役所,35.15221100,140.32086800
12219,市原市役所,35.49789700,140.11559400
12220,流山市役所,35.85628700,139.90258600
12221,八千代市役所,35.72238100,140.09991500
12222,我孫子市役所,35.86416200,140.02822500
12223,鴨川市役所,35.11401700,140.09880500
12224,鎌ケ谷市役所,35.77676500,140.00073600
12225,君津市役所,35.33042400,139.90256100
12226,富津市役所,35.30414000,139.85711300
12227,浦安市役所,35.65398800,139.90218700
12228,四街道市役所,35.66971300,140.16795700
12229,袖ケ浦市役所,35.42994500,139.95435300
12230,八街市役所,35.66585900,140.31791300
12231,印西市役所,35.83233200,140.14576500
12232,白井市役所,35.79150300,140.05637200
12233,富里市役所,35.72681000,140.34307100
12234,南房総市役所,35.04314700,139.83999700
12235,匝瑳市役所,35.70791400,140.56435600
12236,香取市役所,35.89773000,140.49924800
12237,山武市役所,35.60299200,140.41353100
12238,いすみ市役所,35.25388700,140.38511700
12239,大網白里市役所,35.52170800,140.32096300
東京都
13101,千代田区役所,35.69400300,139.75363400
13102,中央区役所,35.67058700,139.77200300
13103,港区役所,35.65807100,139.75159900
13104,新宿区役所,35.69389000,139.70346300
13105,文京区役所,35.70797600,139.75247300
13106,台東区役所,35.71260700,139.77998400
13107,墨田区役所,35.71072400,139.80149700
13108,江東区役所,35.67285900,139.81736500
13109,品川区役所,35.60906600,139.73025000
13110,目黒区役所,35.64141000,139.69811800
13111,大田区役所,35.56126000,139.71598700
13112,世田谷区役所,35.64648100,139.65320800
13113,渋谷区役所,35.66398200,139.69794800
13114,中野区役所,35.70726800,139.66373800
13115,杉並区役所,35.69954600,139.63641400
13116,豊島区役所,35.73243700,139.71546900
13117,北区役所,35.75280500,139.73365700
13118,荒川区役所,35.73608300,139.78337200
13119,板橋区役所,35.75124500,139.70924600
13120,練馬区役所,35.73560000,139.65172500
13121,足立区役所,35.77494500,139.80458400
13122,葛飾区役所,35.74343000,139.84721300
13123,江戸川区役所,35.70664800,139.86831200
13201,八王子市役所,35.66657000,139.31607500
13202,立川市役所,35.71398100,139.40784600
13203,武蔵野市役所,35.71783700,139.56593800
13204,三鷹市役所,35.68330800,139.55988300
13205,青梅市役所,35.78817100,139.27499400
13206,府中市役所,35.66892100,139.47766300
13207,昭島市役所,35.70570500,139.35377300
13208,調布市役所,35.65062800,139.54068300
13209,町田市役所,35.54655900,139.43852700
13210,小金井市役所,35.69947900,139.50298900
13211,小平市役所,35.72849600,139.47747400
13212,日野市役所,35.67134700,139.39498100
13213,東村山市役所,35.75462400,139.46848400
13214,国分寺市役所,35.71094300,139.46225200
13215,国立市役所,35.68391200,139.44136600
13218,福生市役所,35.73860100,139.32674400
13219,狛江市役所,35.63481400,139.57869600
13220,東大和市役所,35.74532800,139.42659100
13221,清瀬市役所,35.78576100,139.52642200
13222,東久留米市役所,35.75799200,139.52967300
13223,武蔵村山市役所,35.75490600,139.38742100
13224,多摩市役所,35.63695900,139.44636600
13225,稲城市役所,35.63793800,139.50460300
13227,羽村市役所,35.76716800,139.31104200
13228,あきる野市役所,35.72895900,139.29404600
13229,西東京市役所,35.72549900,139.53815900
14100,横浜市役所,35.44403500,139.63795400
14130,川崎市役所,35.53080600,139.70301200
14150,相模原市役所,35.57137600,139.37326800
14201,横須賀市役所,35.28127600,139.67228400
14203,平塚市役所,35.33550200,139.34941200
14204,鎌倉市役所,35.31922800,139.54669000
14205,藤沢市役所,35.33894000,139.49111600
14206,小田原市役所,35.26469400,139.15235500
14207,茅ヶ崎市役所,35.33387900,139.40470200
14208,逗子市役所,35.29559200,139.58041400
14210,三浦市役所,35.14417600,139.62076500
14211,秦野市役所,35.37480000,139.21994600
14212,厚木市役所,35.44304900,139.36244200
14213,大和市役所,35.48751500,139.45795000
14214,伊勢原市役所,35.40298500,139.31490600
14215,海老名市役所,35.44644900,139.39080300
14216,座間市役所,35.48864000,139.40763700
14217,南足柄市役所,35.32063300,139.09972900
14218,綾瀬市役所,35.43716100,139.42634800
15100,新潟市役所,37.91612800,139.03640200
15202,長岡市役所,37.44658700,138.85122400
15204,三条市役所,37.63676800,138.96170000
15205,柏崎市役所,37.37196800,138.55883500
15206,新発田市役所,37.95088300,139.32789800
15208,小千谷市役所,37.31435000,138.79509700
15209,加茂市役所,37.66633500,139.04022000
15210,十日町市役所,37.12758800,138.75571000
15211,見附市役所,37.53149600,138.91272400
15212,村上市役所,38.22399000,139.48004000
15213,燕市役所,37.67314900,138.88224900
15216,糸魚川市役所,37.03902500,137.86265800
15217,妙高市役所,37.02526500,138.25348500
15218,五泉市役所,37.74448300,139.18256800
15222,上越市役所,37.14787300,138.23603900
15223,阿賀野市役所,37.83450900,139.22600200
15224,佐渡市役所,38.01830200,138.36813800
15225,魚沼市役所,37.23010300,138.96143400
15226,南魚沼市役所,37.06552200,138.87608100
15227,胎内市役所,38.05970800,139.41035000
16201,富山市役所,36.69598200,137.21344900
16202,高岡市役所,36.75409900,137.02571700
16204,魚津市役所,36.82736700,137.40919000
16205,氷見市役所,36.85597800,136.97286800
16206,滑川市役所,36.76439400,137.34118000
16207,黒部市役所,36.87359000,137.44909500
16208,砺波市役所,36.64746700,136.96216700
16209,小矢部市役所,36.67553100,136.86865300
16210,南砺市役所,36.58804900,136.91951100
16211,射水市役所,36.71222200,137.09955900
17201,金沢市役所,36.56105100,136.65663300
17202,七尾市役所,37.04310800,136.96729600
17203,小松市役所,36.40835700,136.44558800
17204,輪島市役所,37.39055700,136.89918500
17205,珠洲市役所,37.43636900,137.26040600
17206,加賀市役所,36.30266900,136.31468500
17207,羽咋市役所,36.89359900,136.77899900
17209,かほく市役所,36.71997300,136.70666800
17210,白山市役所,36.51442700,136.56583300
17211,能美市役所,36.44688800,136.55402800
17212,野々市市役所,36.51946600,136.60968500
18201,福井市役所,36.06412000,136.21945200
18202,敦賀市役所,35.64522200,136.05554400
18204,小浜市役所,35.49559300,135.74664700
18205,大野市役所,35.98056400,136.48769200
18206,勝山市役所,36.06091700,136.50054200
18207,鯖江市役所,35.95656500,136.18423800
18208,あわら市役所,36.21136100,136.22901200
18209,越前市役所,35.90347100,136.16867200
18210,坂井市役所,36.16690200,136.23128700
19201,甲府市役所,35.66203333,138.56833862
19202,富士吉田市役所,35.48749900,138.80785700
19204,都留市役所,35.55156500,138.90547000
19205,山梨市役所,35.69342902,138.68695504
19206,大月市役所,35.61047400,138.94004100
19207,韮崎市役所,35.70880400,138.44619200
19208,南アルプス市役所,35.60836100,138.46500500
19209,北杜市役所,35.77650100,138.42353700
19210,甲斐市役所,35.66082900,138.51579600
19211,笛吹市役所,35.64729600,138.63973000
19212,上野原市役所,35.63030100,139.10875100
19213,甲州市役所,35.70516000,138.72926500
19214,中央市役所,35.59964300,138.51726900
20201,長野市役所,36.64863100,138.19428659
20202,松本市役所,36.23809600,137.97199200
20203,上田市役所,36.40194200,138.24906900
20204,岡谷市役所,36.06700300,138.04955700
20205,飯田市役所,35.51470300,137.82182400
20206,諏訪市役所,36.03917500,138.11398400
20207,須坂市役所,36.65111700,138.30727500
20208,小諸市役所,36.32687400,138.42602100
20209,伊那市役所,35.82747800,137.95408300
20210,駒ヶ根市役所,35.72886100,137.93399300
20211,中野市役所,36.74202700,138.36947000
20212,大町市役所,36.50297600,137.85116900
20213,飯山市役所,36.85174500,138.36549800
20214,茅野市役所,35.99557100,138.15889600
20215,塩尻市役所,36.11502000,137.95338000
20217,佐久市役所,36.24878800,138.47683100
20218,千曲市役所,36.53385700,138.11990400
20219,東御市役所,36.35955000,138.33029500
20220,安曇野市役所,36.30282700,137.89980600
21201,岐阜市役所,35.42330100,136.76065700
21202,大垣市役所,35.35936500,136.61275300
21203,高山市役所,36.14609300,137.25220600
21204,多治見市役所,35.33277300,137.13207800
21205,関市役所,35.49577700,136.91789500
21206,中津川市役所,35.48749300,137.50061600
21207,美濃市役所,35.54471300,136.90757000
21208,瑞浪市役所,35.36174000,137.25463900
21209,羽島市役所,35.31991000,136.70334900
21210,恵那市役所,35.44932000,137.41281700
21211,美濃加茂市役所,35.44024200,137.01566400
21212,土岐市役所,35.35249700,137.18320500
21213,各務原市役所,35.39891200,136.84839300
21214,可児市役所,35.42613200,137.06107500
21215,山県市役所,35.50611100,136.78140100
21216,瑞穂市役所,35.39182600,136.69078400
21217,飛騨市役所,36.23814400,137.18624600
21218,本巣市役所,35.48305200,136.67877100
21219,郡上市役所,35.74856900,136.96436800
21220,下呂市役所,35.80587900,137.24406100
21221,海津市役所,35.22047000,136.63661200
22100,静岡市役所,34.97547300,138.38238800
22130,浜松市役所,34.71086500,137.72611700
22203,沼津市役所,35.09572300,138.86333700
22205,熱海市役所,35.09598700,139.07154600
22206,三島市役所,35.11848300,138.91850100
22207,富士宮市役所,35.22198300,138.62165600
22208,伊東市役所,34.96568000,139.10204800
22209,島田市役所,34.83641700,138.17605500
22210,富士市役所,35.16138600,138.67631100
22211,磐田市役所,34.71788100,137.85151100
22212,焼津市役所,34.86690600,138.32326000
22213,掛川市役所,34.76871700,137.99840300
22214,藤枝市役所,34.86734900,138.25754800
22215,御殿場市役所,35.30861500,138.93450600
22216,袋井市役所,34.75016000,137.92462400
22219,下田市役所,34.67953600,138.94531600
22220,裾野市役所,35.17389100,138.90672400
22221,湖西市役所,34.71847400,137.53161700
22222,伊豆市役所,34.97659100,138.94671500
22223,御前崎市役所,34.63797700,138.12811700
22224,菊川市役所,34.75772100,138.08453900
22225,伊豆の国市役所,35.02771300,138.92888500
22226,牧之原市役所,34.74005900,138.22464100
23100,名古屋市役所,35.18143300,136.90642100
23201,豊橋市役所,34.76919900,137.39146900
23202,岡崎市役所,34.95480900,137.17299900
23203,一宮市役所,35.30401300,136.80234400
23204,瀬戸市役所,35.22362000,137.08411700
23205,半田市役所,34.89262600,136.93785000
23206,春日井市役所,35.24766400,136.97223200
23207,豊川市役所,34.82678400,137.37557800
23208,津島市役所,35.17704000,136.74123600
23209,碧南市役所,34.88478200,136.99336200
23210,刈谷市役所,34.98886400,137.00206000
23211,豊田市役所,35.08234500,137.15622400
23212,安城市役所,34.95864400,137.08029700
23213,西尾市役所,34.86200900,137.06174100
23214,蒲郡市役所,34.82643900,137.21965300
23215,犬山市役所,35.37864100,136.94462500
23216,常滑市役所,34.88667800,136.83237500
23217,江南市役所,35.33195300,136.87045300
23219,小牧市役所,35.29114100,136.91197100
23220,稲沢市役所,35.24813500,136.78021600
23221,新城市役所,34.89922600,137.49850400
23222,東海市役所,35.02297600,136.90222900
23223,大府市役所,35.01161100,136.96386800
23224,知多市役所,34.99653300,136.86475500
23225,知立市役所,35.00128500,137.05084300
23226,尾張旭市役所,35.21656800,137.03541200
23227,高浜市役所,34.92763000,136.98766000
23228,岩倉市役所,35.27943300,136.87142800
23229,豊明市役所,35.05375600,137.01312400
23229,市役所出張所,35.06058700,137.00689200
23230,日進市役所,35.13201800,137.03941400
23231,田原市役所,34.66897200,137.26383000
23232,愛西市役所,35.15280200,136.72821700
23233,清須市役所,35.19984800,136.85293400
23234,北名古屋市役所,35.24565700,136.86596100
23235,弥富市役所,35.11011800,136.72472000
23236,みよし市役所,35.08969900,137.07472800
23237,あま市役所,35.20049800,136.78322700
23238,長久手市役所,35.18412000,137.04863100
24201,津市役所,34.71856300,136.50544300
24202,四日市市役所,34.96509200,136.62442700
24203,伊勢市役所,34.48750600,136.70928600
24204,松阪市役所,34.57797400,136.52759500
24205,桑名市役所,35.06228800,136.68353900
24207,鈴鹿市役所,34.88186600,136.58418500
24208,名張市役所,34.62766200,136.10829900
24209,尾鷲市役所,34.07079900,136.19099800
24210,亀山市役所,34.85575500,136.45164500
24211,鳥羽市役所,34.48143200,136.84337800
24212,熊野市役所,33.88862000,136.10028800
24214,いなべ市役所,35.11570900,136.56137900
24215,志摩市役所,34.32821800,136.82965500
24216,伊賀市役所,34.76882900,136.12990800
25201,大津市役所,35.01835700,135.85466600
25202,彦根市役所,35.27446400,136.25962300
25203,長浜市役所,35.38144700,136.27544400
25204,近江八幡市役所,35.12821400,136.09784600
25206,草津市役所,35.01312300,135.95999400
25207,守山市役所,35.05866300,135.99402000
25208,栗東市役所,35.02161400,135.99799300
25209,甲賀市役所,34.96612000,136.16708400
25210,野洲市役所,35.06747000,136.02587300
25212,高島市役所,35.35305200,136.03578500
25213,東近江市役所,35.11260300,136.20762000
25214,米原市役所,35.31535500,136.28401300
25211,湖南市役所,35.00410600,136.08469300
26100,京都市役所,35.01157400,135.76818100
26201,福知山市役所,35.29672500,135.12653200
26202,舞鶴市役所,35.47479700,135.38599200
26203,綾部市役所,35.29891600,135.25881200
26204,宇治市役所,34.88440000,135.79978000
26205,宮津市役所,35.53557700,135.19556700
26206,亀岡市役所,35.01347500,135.57351200
26207,城陽市役所,34.85295800,135.78007400
26208,向日市役所,34.94869900,135.69831900
26209,長岡京市役所,34.92678200,135.69568500
26210,八幡市役所,34.87553300,135.70757100
26211,京田辺市役所,34.81444200,135.76784200
26212,京丹後市役所,35.62416900,135.06099700
26213,南丹市役所,35.10739000,135.47023900
26214,木津川市役所,34.73717900,135.82005800
27100,大阪市役所,34.69389100,135.50204600
27140,堺市役所,34.57335400,135.48302000
27202,岸和田市役所,34.46059700,135.37087100
27203,豊中市役所,34.78123900,135.46988900
27204,池田市役所,34.82168600,135.42855500
27205,吹田市役所,34.75940500,135.51679900
27206,泉大津市役所,34.50426800,135.41047200
27207,高槻市役所,34.84610000,135.61721600
27208,貝塚市役所,34.43768600,135.35843100
27209,守口市役所,34.73768000,135.56397100
27210,枚方市役所,34.81446500,135.65064200
27211,茨木市役所,34.81615300,135.56850300
27212,八尾市役所,34.62688400,135.60094800
27213,泉佐野市役所,34.40683900,135.32733700
27214,富田林市役所,34.49967500,135.59728000
27215,寝屋川市役所,34.76607900,135.62800800
27216,河内長野市役所,34.45810700,135.56411900
27217,松原市役所,34.57790100,135.55178600
27218,大東市役所,34.71201300,135.62347100
27219,和泉市役所,34.48363500,135.42362400
27220,箕面市役所,34.82692900,135.47037900
27221,柏原市役所,34.57930500,135.62864200
27222,羽曳野市役所,34.55800200,135.60622600
27223,門真市役所,34.73914500,135.58689900
27224,摂津市役所,34.77738700,135.56188600
27225,高石市役所,34.52067300,135.44239500
27226,藤井寺市役所,34.57428300,135.59747600
27227,東大阪市役所,34.67932400,135.60089800
27228,泉南市役所,34.36600700,135.27330000
27229,四條畷市役所,34.74006400,135.63972700
27230,交野市役所,34.78795800,135.67997800
27231,大阪狭山市役所,34.50371800,135.55574800
27232,阪南市役所,34.35959400,135.23965600
28100,神戸市役所,34.68949500,135.19572800
28201,姫路市役所,34.81549600,134.68545800
28202,尼崎市役所,34.73355400,135.40639400
28203,明石市役所,34.64310900,134.99718200
28204,西宮市役所,34.73769100,135.34183000
28205,洲本市役所,34.34252200,134.89565300
28206,芦屋市役所,34.72652200,135.30417900
28207,伊丹市役所,34.78429500,135.40093300
28208,相生市役所,34.80366200,134.46819300
28209,豊岡市役所,35.54447500,134.82018700
28210,加古川市役所,34.75662000,134.84090000
28212,赤穂市役所,34.75497400,134.39035400
28213,西脇市役所,34.99342800,134.96928400
28214,宝塚市役所,34.79981700,135.36009800
28215,三木市役所,34.79692200,134.99018800
28216,高砂市役所,34.76624800,134.79047800
28217,川西市役所,34.83013200,135.41722200
28218,小野市役所,34.85318300,134.93154500
28219,三田市役所,34.88967200,135.22529000
28220,加西市役所,34.92781100,134.84181900
28221,篠山市役所,35.07567300,135.21900200
28222,養父市役所,35.40464000,134.76766800
28223,丹波市役所,35.17725900,135.03581600
28224,南あわじ市役所,34.29580700,134.77908300
28225,朝来市役所,35.33983500,134.85311700
28226,淡路市役所,34.43984700,134.91463300
28227,宍粟市役所,35.00443500,134.54937700
28228,加東市役所,34.91737000,134.97334500
28229,たつの市役所,34.85784700,134.54539700
29201,奈良市役所,34.68511700,135.80499500
29202,大和高田市役所,34.51497500,135.73645100
29203,大和郡山市役所,34.64936800,135.78274700
29204,天理市役所,34.59661700,135.83736700
29205,橿原市役所,34.50945300,135.79275600
29206,桜井市役所,34.51870000,135.84323200
29207,五條市役所,34.35211800,135.69349700
29208,御所市役所,34.46334000,135.74017700
29209,生駒市役所,34.69197900,135.70055300
29210,香芝市役所,34.54129500,135.69916200
29211,葛城市役所,34.48915800,135.72656300
29212,宇陀市役所,34.52807300,135.95230300
30201,和歌山市役所,34.23051400,135.17080800
30202,海南市役所,34.15531100,135.20918900
30203,橋本市役所,34.31487600,135.60520800
30204,有田市役所,34.08310400,135.12772700
30205,御坊市役所,33.89141200,135.15240600
30206,田辺市役所,33.72801000,135.37766200
30207,新宮市役所,33.72422400,135.99252500
30208,紀の川市役所,34.26953800,135.36257600
30209,岩出市役所,34.25626700,135.31145100
31201,鳥取市役所,35.50113300,134.23509100
31202,米子市役所,35.42813600,133.33093900
31203,倉吉市役所,35.43018200,133.82556100
31204,境港市役所,35.53960600,133.23160000
32201,松江市役所,35.46803900,133.04852700
32202,浜田市役所,34.89925500,132.07988300
32203,出雲市役所,35.36691700,132.75471200
32204,益田市役所,34.67481400,131.84286200
32205,大田市役所,35.19209000,132.49935100
32206,安来市役所,35.43145100,133.25085100
32207,江津市役所,35.01114800,132.22120600
32209,雲南市役所,35.28778700,132.90047500
33100,岡山市役所,34.65510700,133.91956600
33202,倉敷市役所,34.58467700,133.77228100
33203,津山市役所,35.06911800,134.00454300
33204,玉野市役所,34.49197900,133.94601200
33205,笠岡市役所,34.50718200,133.50744100
33207,井原市役所,34.59770900,133.46379800
33208,総社市役所,34.67281000,133.74653100
33209,高梁市役所,34.79136100,133.61667800
33210,新見市役所,34.97705800,133.47034500
33211,備前市役所,34.74512900,134.18813700
33212,瀬戸内市役所,34.66489300,134.09284900
33213,赤磐市役所,34.75539600,134.01884800
33214,真庭市役所,35.07559100,133.75275600
33215,美作市役所,35.00859400,134.14857800
33216,浅口市役所,34.52783400,133.58491100
34100,広島市役所,34.38525300,132.45533700
34202,呉市役所,34.24925400,132.56580500
34203,竹原市役所,34.34179400,132.90709100
34204,三原市役所,34.39747000,133.07852500
34205,尾道市役所,34.40889100,133.20496600
34207,福山市役所,34.48592700,133.36234000
34208,府中市役所,34.56834900,133.23632300
34209,三次市役所,34.80562700,132.85179000
34210,庄原市役所,34.85774300,133.01726400
34211,大竹市役所,34.23795200,132.22236100
34212,東広島市役所,34.42678700,132.74374600
34213,廿日市市役所,34.34841600,132.33154100
34214,安芸高田市役所,34.66609900,132.70397700
34215,江田島市役所,34.22294100,132.44379400
35201,下関市役所,33.95782800,130.94145900
35202,宇部市役所,33.95162300,131.24676100
35203,山口市役所,34.17817800,131.47351100
35204,萩市役所,34.40810700,131.39910400
35206,防府市役所,34.05175600,131.56262700
35207,下松市役所,34.01503800,131.87031700
35208,岩国市役所,34.16650000,132.21894200
35210,光市役所,33.96191600,131.94229600
35211,長門市役所,34.37095900,131.18219800
35212,柳井市役所,33.96383900,132.10159700
35213,美祢市役所,34.16667000,131.20570300
35215,周南市役所,34.05513500,131.80629300
35216,山陽小野田市役所,34.00308900,131.18178600
36201,徳島市役所,34.07023400,134.55471300
36202,鳴門市役所,34.17259000,134.60880000
36203,小松島市役所,34.00471300,134.59060300
36204,阿南市役所,33.92176200,134.65956600
36205,吉野川市役所,34.06623500,134.35866700
36206,阿波市役所,34.08235400,134.23577900
36207,美馬市役所,34.05338700,134.16972500
36208,三好市役所,34.02604400,133.80718000
37201,高松市役所,34.34279100,134.04657400
37202,丸亀市役所,34.28948200,133.79771600
37203,坂出市役所,34.31647800,133.86050200
37204,善通寺市役所,34.22841700,133.78715300
37205,観音寺市役所,34.12737000,133.66159700
37206,さぬき市役所,34.32521000,134.17198900
37207,東かがわ市役所,34.24380300,134.35883700
37208,三豊市役所,34.18255600,133.71520300
38201,松山市役所,33.83915700,132.76555600
38202,今治市役所,34.06604300,132.99765800
38203,宇和島市役所,33.22334000,132.56056300
38204,八幡浜市役所,33.46289800,132.42333400
38205,新居浜市役所,33.96032900,133.28337900
38206,西条市役所,33.91961500,133.18118600
38207,大洲市役所,33.50628500,132.54451400
38210,伊予市役所,33.75746100,132.70377800
38213,四国中央市役所,33.98069400,133.54918800
38214,西予市役所,33.36301700,132.51096700
38215,東温市役所,33.79102700,132.87229900
39201,高知市役所,33.55878800,133.53116600
39202,室戸市役所,33.28995500,134.15198100
39203,安芸市役所,33.50241600,133.90707400
39204,南国市役所,33.57567300,133.64146000
39205,土佐市役所,33.49601200,133.42532600
39206,須崎市役所,33.40074500,133.28295900
39208,宿毛市役所,32.93901400,132.72626900
39209,土佐清水市役所,32.78160300,132.95510000
39210,四万十市役所,32.99138500,132.93375000
39211,香南市役所,33.56412400,133.70054300
39212,香美市役所,33.60386000,133.68624500
40100,北九州市役所,33.88340800,130.87518300
40130,福岡市役所,33.59031300,130.40173500
40202,大牟田市役所,33.03024800,130.44605800
40203,久留米市役所,33.31928600,130.50837100
40204,直方市役所,33.74418100,130.72965200
40205,飯塚市役所,33.64608300,130.69142200
40206,田川市役所,33.63876000,130.80629800
40207,柳川市役所,33.16306400,130.40573900
40210,八女市役所,33.21195200,130.55791200
40211,筑後市役所,33.21224600,130.50215100
40212,大川市役所,33.20662200,130.38392200
40213,行橋市役所,33.72876191,130.98296333
40214,豊前市役所,33.61153800,131.12994100
40215,中間市役所,33.81669900,130.70902600
40216,小郡市役所,33.39645000,130.55554100
40217,筑紫野市役所,33.49631400,130.51559400
40218,春日市役所,33.53262900,130.47036800
40219,大野城市役所,33.53629000,130.47869700
40220,宗像市役所,33.80544800,130.54065100
40221,太宰府市役所,33.51283500,130.52387600
40223,古賀市役所,33.72866400,130.46999500
40224,福津市役所,33.76689700,130.49103800
40225,うきは市役所,33.34730500,130.75492800
40226,宮若市役所,33.72352300,130.66671600
40227,嘉麻市役所,33.56328300,130.71151000
40228,朝倉市役所,33.42341200,130.66557300
40229,みやま市役所,33.15243400,130.47473400
40230,糸島市役所,33.55745000,130.19550000
41201,佐賀市役所,33.26354300,130.30083500
41202,唐津市役所,33.45010300,129.96797000
41203,鳥栖市役所,33.37775800,130.50624400
41204,多久市役所,33.28851300,130.11006100
41205,伊万里市役所,33.26474100,129.88070200
41206,武雄市役所,33.19375100,130.01915000
41207,鹿島市役所,33.10380400,130.09860300
41208,小城市役所,33.27377600,130.21728000
41209,嬉野市役所,33.12809200,130.06012000
41210,神埼市役所,33.31073200,130.37305700
42201,長崎市役所,32.75031100,129.87790600
42202,佐世保市役所,33.17990418,129.71509009
42203,島原市役所,32.78812000,130.37052600
42204,諫早市役所,32.84420800,130.05360100
42205,大村市役所,32.89996000,129.95821700
42207,平戸市役所,33.36806500,129.55367100
42208,松浦市役所,33.34102300,129.70904700
42209,対馬市役所,34.20264300,129.28751800
42210,壱岐市役所,33.74997800,129.69137700
42211,五島市役所,32.69554100,128.84081500
42212,西海市役所,32.93311700,129.64296200
42213,雲仙市役所,32.83521400,130.18750800
42214,南島原市役所,32.65971600,130.29778300
43100,熊本市役所,32.80307800,130.70789700
43202,八代市役所,32.50741200,130.60188800
43203,人吉市役所,32.21003800,130.76255400
43204,荒尾市役所,32.98683800,130.43303600
43205,水俣市役所,32.21188300,130.40872500
43206,玉名市役所,32.92814100,130.55961900
43208,山鹿市役所,33.01672800,130.69129700
43210,菊池市役所,32.97948500,130.81324100
43211,宇土市役所,32.68729200,130.65856200
43212,上天草市役所,32.58742200,130.43040500
43213,宇城市役所,32.64781400,130.68428700
43214,阿蘇市役所,32.95186900,131.12103100
43215,天草市役所,32.45862100,130.19301000
43216,合志市役所,32.88599600,130.78972600
44201,大分市役所,33.23952600,131.60937700
44202,別府市役所,33.28464200,131.49132800
44203,中津市役所,33.59830200,131.18824000
44204,日田市役所,33.32104100,130.94131000
44205,佐伯市役所,32.96020400,131.89949900
44206,臼杵市役所,33.12594800,131.80463800
44207,津久見市役所,33.07233900,131.86121900
44208,竹田市役所,32.97367300,131.39783800
44209,豊後高田市役所,33.55725700,131.44469700
44210,杵築市役所,33.41702900,131.61608900
44211,宇佐市役所,33.53197200,131.34954500
44212,豊後大野市役所,32.97815200,131.58501100
44213,由布市役所,33.17999600,131.42679200
44214,国東市役所,33.56530200,131.73167600
45201,宮崎市役所,31.90767600,131.42024400
45202,都城市役所,31.71951900,131.06149700
45203,延岡市役所,32.58240100,131.66485900
45204,日南市役所,31.60193200,131.37873100
45205,小林市役所,31.99665700,130.97267400
45206,日向市役所,32.42294700,131.62396200
45207,串間市役所,31.46453900,131.22830600
45208,西都市役所,32.10856200,131.40126600
45209,えびの市役所,32.04534700,130.81084100
46201,鹿児島市役所,31.59678900,130.55733900
46203,鹿屋市役所,31.37826800,130.85222300
46204,枕崎市役所,31.27292200,130.29699100
46206,阿久根市役所,32.01436400,130.19262200
46208,出水市役所,32.09045800,130.35264700
46210,指宿市役所,31.25280500,130.63311800
46213,西之表市役所,30.73245300,130.99703500
46214,垂水市役所,31.49275800,130.70093000
46215,薩摩川内市役所,31.81348600,130.30395000
46216,日置市役所,31.63370900,130.40243600
46217,曽於市役所,31.65362200,131.01925500
46218,霧島市役所,31.74101500,130.76313600
46219,いちき串木野市役所,31.71454200,130.27193400
46220,南さつま市役所,31.41657000,130.32349400
46221,志布志市役所,31.49544700,131.04534900
46222,奄美市役所,28.37727300,129.49378000
46223,南九州市役所,31.37825100,130.44162300
46224,伊佐市役所,32.05715200,130.61293400
46225,姶良市役所,31.72821300,130.62775800
47201,那覇市役所,26.21229500,127.67921800
47205,宜野湾市役所,26.28158100,127.77863700
47207,石垣市役所,24.34066600,124.15553900
47208,浦添市役所,26.24581600,127.72180400
47209,名護市役所,26.59155500,127.97747400
47210,糸満市役所,26.12354200,127.66582300
47211,沖縄市役所,26.33435400,127.80569400
47212,豊見城市役所,26.16102600,127.66888300
47213,うるま市役所,26.37915100,127.85748000
47214,宮古島市役所,24.80549000,125.28116200
47215,南城市役所,26.14440200,127.76692200
